Workbook

Sheet Summary
A1: ASG Stress Report Generation - Project Summary
B3: As-of date | C3: 46308 | D3: <- input (blue); drives Overdue / Due-in-7-days flags
B5: By Workstream
B6: Workstream | C6: Total | D6: Complete | E6: In Progress | F6: Not Started | G6: Blocked | H6: Overdue | I6: Avg % Complete
B7: UI | C7: =COUNTIF('Master Plan'!$B$5:$B$73,B7) -> 5 | D7: =COUNTIFS('Master Plan'!$B$5:$B$73,$B7,'Master Plan'!$K$5:$K$73,"Complete") -> 1 | E7: =COUNTIFS('Master Plan'!$B$5:$B$73,$B7,'Master Plan'!$K$5:$K$73,"In Progress") -> 2 | F7: =COUNTIFS('Master Plan'!$B$5:$B$73,$B7,'Master Plan'!$K$5:$K$73,"Not Started") -> 2 | G7: =COUNTIFS('Master Plan'!$B$5:$B$73,$B7,'Master Plan'!$K$5:$K$73,"Blocked") -> 0 | H7: =COUNTIFS('Master Plan'!$B$5:$B$73,$B7,'Master Plan'!$L$5:$L$73,"OVERDUE") -> 1 | I7: =IFERROR(AVERAGEIFS('Master Plan'!$I$5:$I$73,'Master Plan'!$B$5:$B$73,$B7),0) -> 0.26
B8: Backend | C8: =COUNTIF('Master Plan'!$B$5:$B$73,B8) -> 38 | D8: =COUNTIFS('Master Plan'!$B$5:$B$73,$B8,'Master Plan'!$K$5:$K$73,"Complete") -> 4 | E8: =COUNTIFS('Master Plan'!$B$5:$B$73,$B8,'Master Plan'!$K$5:$K$73,"In Progress") -> 2 | F8: =COUNTIFS('Master Plan'!$B$5:$B$73,$B8,'Master Plan'!$K$5:$K$73,"Not Started") -> 8 | G8: =COUNTIFS('Master Plan'!$B$5:$B$73,$B8,'Master Plan'!$K$5:$K$73,"Blocked") -> 24 | H8: =COUNTIFS('Master Plan'!$B$5:$B$73,$B8,'Master Plan'!$L$5:$L$73,"OVERDUE") -> 1 | I8: =IFERROR(AVERAGEIFS('Master Plan'!$I$5:$I$73,'Master Plan'!$B$5:$B$73,$B8),0) -> 0.13421053
B9: API | C9: =COUNTIF('Master Plan'!$B$5:$B$73,B9) -> 7 | D9: =COUNTIFS('Master Plan'!$B$5:$B$73,$B9,'Master Plan'!$K$5:$K$73,"Complete") -> 1 | E9: =COUNTIFS('Master Plan'!$B$5:$B$73,$B9,'Master Plan'!$K$5:$K$73,"In Progress") -> 4 | F9: =COUNTIFS('Master Plan'!$B$5:$B$73,$B9,'Master Plan'!$K$5:$K$73,"Not Started") -> 2 | G9: =COUNTIFS('Master Plan'!$B$5:$B$73,$B9,'Master Plan'!$K$5:$K$73,"Blocked") -> 0 | H9: =COUNTIFS('Master Plan'!$B$5:$B$73,$B9,'Master Plan'!$L$5:$L$73,"OVERDUE") -> 2 | I9: =IFERROR(AVERAGEIFS('Master Plan'!$I$5:$I$73,'Master Plan'!$B$5:$B$73,$B9),0) -> 0.44285714
B10: LLM & RAG | C10: =COUNTIF('Master Plan'!$B$5:$B$73,B10) -> 10 | D10: =COUNTIFS('Master Plan'!$B$5:$B$73,$B10,'Master Plan'!$K$5:$K$73,"Complete") -> 0 | E10: =COUNTIFS('Master Plan'!$B$5:$B$73,$B10,'Master Plan'!$K$5:$K$73,"In Progress") -> 0 | F10: =COUNTIFS('Master Plan'!$B$5:$B$73,$B10,'Master Plan'!$K$5:$K$73,"Not Started") -> 7 | G10: =COUNTIFS('Master Plan'!$B$5:$B$73,$B10,'Master Plan'!$K$5:$K$73,"Blocked") -> 3 | H10: =COUNTIFS('Master Plan'!$B$5:$B$73,$B10,'Master Plan'!$L$5:$L$73,"OVERDUE") -> 0 | I10: =IFERROR(AVERAGEIFS('Master Plan'!$I$5:$I$73,'Master Plan'!$B$5:$B$73,$B10),0) -> 0
B11: Testing & Release | C11: =COUNTIF('Master Plan'!$B$5:$B$73,B11) -> 9 | D11: =COUNTIFS('Master Plan'!$B$5:$B$73,$B11,'Master Plan'!$K$5:$K$73,"Complete") -> 0 | E11: =COUNTIFS('Master Plan'!$B$5:$B$73,$B11,'Master Plan'!$K$5:$K$73,"In Progress") -> 0 | F11: =COUNTIFS('Master Plan'!$B$5:$B$73,$B11,'Master Plan'!$K$5:$K$73,"Not Started") -> 9 | G11: =COUNTIFS('Master Plan'!$B$5:$B$73,$B11,'Master Plan'!$K$5:$K$73,"Blocked") -> 0 | H11: =COUNTIFS('Master Plan'!$B$5:$B$73,$B11,'Master Plan'!$L$5:$L$73,"OVERDUE") -> 0 | I11: =IFERROR(AVERAGEIFS('Master Plan'!$I$5:$I$73,'Master Plan'!$B$5:$B$73,$B11),0) -> 0
B12: Total | C12: =SUM(C7:C11) -> 69 | D12: =SUM(D7:D11) -> 6 | E12: =SUM(E7:E11) -> 8 | F12: =SUM(F7:F11) -> 28 | G12: =SUM(G7:G11) -> 27 | H12: =SUM(H7:H11) -> 4 | I12: =IFERROR(AVERAGE('Master Plan'!$I$5:$I$73),0) -> 0.13768116
B14: By Owner
B15: Owner | C15: Total | D15: Complete | E15: In Progress | F15: Not Started | G15: Blocked | H15: Overdue
B16: Abhik | C16: =COUNTIF('Master Plan'!$E$5:$E$73,B16) -> 12 | D16: =COUNTIFS('Master Plan'!$E$5:$E$73,$B16,'Master Plan'!$K$5:$K$73,"Complete") -> 2 | E16: =COUNTIFS('Master Plan'!$E$5:$E$73,$B16,'Master Plan'!$K$5:$K$73,"In Progress") -> 8 | F16: =COUNTIFS('Master Plan'!$E$5:$E$73,$B16,'Master Plan'!$K$5:$K$73,"Not Started") -> 2 | G16: =COUNTIFS('Master Plan'!$E$5:$E$73,$B16,'Master Plan'!$K$5:$K$73,"Blocked") -> 0 | H16: =COUNTIFS('Master Plan'!$E$5:$E$73,$B16,'Master Plan'!$L$5:$L$73,"OVERDUE") -> 4
B17: Srujan | C17: =COUNTIF('Master Plan'!$E$5:$E$73,B17) -> 5 | D17: =COUNTIFS('Master Plan'!$E$5:$E$73,$B17,'Master Plan'!$K$5:$K$73,"Complete") -> 3 | E17: =COUNTIFS('Master Plan'!$E$5:$E$73,$B17,'Master Plan'!$K$5:$K$73,"In Progress") -> 0 | F17: =COUNTIFS('Master Plan'!$E$5:$E$73,$B17,'Master Plan'!$K$5:$K$73,"Not Started") -> 2 | G17: =COUNTIFS('Master Plan'!$E$5:$E$73,$B17,'Master Plan'!$K$5:$K$73,"Blocked") -> 0 | H17: =COUNTIFS('Master Plan'!$E$5:$E$73,$B17,'Master Plan'!$L$5:$L$73,"OVERDUE") -> 0
B18: Rajesh | C18: =COUNTIF('Master Plan'!$E$5:$E$73,B18) -> 1 | D18: =COUNTIFS('Master Plan'!$E$5:$E$73,$B18,'Master Plan'!$K$5:$K$73,"Complete") -> 0 | E18: =COUNTIFS('Master Plan'!$E$5:$E$73,$B18,'Master Plan'!$K$5:$K$73,"In Progress") -> 0 | F18: =COUNTIFS('Master Plan'!$E$5:$E$73,$B18,'Master Plan'!$K$5:$K$73,"Not Started") -> 1 | G18: =COUNTIFS('Master Plan'!$E$5:$E$73,$B18,'Master Plan'!$K$5:$K$73,"Blocked") -> 0 | H18: =COUNTIFS('Master Plan'!$E$5:$E$73,$B18,'Master Plan'!$L$5:$L$73,"OVERDUE") -> 0
B19: Srujan, Rajesh, Abhik | C19: =COUNTIF('Master Plan'!$E$5:$E$73,B19) -> 10 | D19: =COUNTIFS('Master Plan'!$E$5:$E$73,$B19,'Master Plan'!$K$5:$K$73,"Complete") -> 1 | E19: =COUNTIFS('Master Plan'!$E$5:$E$73,$B19,'Master Plan'!$K$5:$K$73,"In Progress") -> 0 | F19: =COUNTIFS('Master Plan'!$E$5:$E$73,$B19,'Master Plan'!$K$5:$K$73,"Not Started") -> 9 | G19: =COUNTIFS('Master Plan'!$E$5:$E$73,$B19,'Master Plan'!$K$5:$K$73,"Blocked") -> 0 | H19: =COUNTIFS('Master Plan'!$E$5:$E$73,$B19,'Master Plan'!$L$5:$L$73,"OVERDUE") -> 0
B20: Unassigned | C20: =COUNTIF('Master Plan'!$E$5:$E$73,B20) -> 41 | D20: =COUNTIFS('Master Plan'!$E$5:$E$73,$B20,'Master Plan'!$K$5:$K$73,"Complete") -> 0 | E20: =COUNTIFS('Master Plan'!$E$5:$E$73,$B20,'Master Plan'!$K$5:$K$73,"In Progress") -> 0 | F20: =COUNTIFS('Master Plan'!$E$5:$E$73,$B20,'Master Plan'!$K$5:$K$73,"Not Started") -> 14 | G20: =COUNTIFS('Master Plan'!$E$5:$E$73,$B20,'Master Plan'!$K$5:$K$73,"Blocked") -> 27 | H20: =COUNTIFS('Master Plan'!$E$5:$E$73,$B20,'Master Plan'!$L$5:$L$73,"OVERDUE") -> 0
B21: Total | C21: =SUM(C16:C20) -> 69 | D21: =SUM(D16:D20) -> 6 | E21: =SUM(E16:E20) -> 8 | F21: =SUM(F16:F20) -> 28 | G21: =SUM(G16:G20) -> 27 | H21: =SUM(H16:H20) -> 4
B23: Check: owner total = workstream total | C23: =IF(C21=C12,"OK","MISMATCH") -> OK
B25: Legend: blue = input/editable, green = linked from another sheet, black = formula. Colours in Status / Schedule Flag are conditional.
B26: Task Origin & Section Coverage
B27: Item | C27: Count
B28: Tasks from Project Plan | C28: =COUNTIF('Master Plan'!$P$5:$P$73,"Project Plan") -> 54
B29: Tasks proposed from SRG Sections | C29: =COUNTIF('Master Plan'!$P$5:$P$73,"Proposed") -> 15
B30: AR sections (SRG Sections) | C30: =COUNTA('Sections Register'!B8:B21) -> 14
B31: Sections where ASG and ART are NOT aligned | C31: =COUNTIF('Sections Register'!G8:G21,"No") -> 5
B32: Sections covered only by proposed tasks | C32: =COUNTIF('Sections Register'!M8:M21,"Proposed only") -> 3
B33: Sections with no tasks / missing LLM task | C33: =COUNTIF('Sections Register'!M8:M21,"NO TASKS")+COUNTIF('Sections Register'!M8:M21,"LLM task missing") -> 0

Sheet Master Plan
A1: ASG Stress Report Generation - Master Project Plan
A2: Single source of truth (Project Plan tasks + tasks proposed from SRG Sections - see Origin column). Edit blue cells (Owner, Start, Finish, % Complete, Blocked?, Dependency, Notes). Status, Duration, Schedule Flag, workstream tabs and Summary update automatically. As-of date is set on Summary!C3.
A4: ID | B4: Workstream | C4: Feature / Report Section | D4: Task | E4: Owner | F4: Start | G4: Finish | H4: Duration (days) | I4: % Complete | J4: Blocked? | K4: Status | L4: Schedule Flag | M4: Dependency / Blocker | N4: Source Row | O4: Notes | P4: Origin
A5: T-001 | B5: UI | C5: Project Setup | D5: UI folder setup and Login | E5: Abhik | F5: 46286 | G5: 46304 | H5: =IF(OR(F5="",G5=""),"",G5-F5) -> 18 | I5: 1 | J5: No | K5: =IF(J5="Yes","Blocked",IF(I5>=1,"Complete",IF(I5>0,"In Progress","Not Started"))) -> Complete | L5: =IF(K5="Complete","Done",IF(K5="Blocked","Blocked",IF(OR(F5="",G5=""),"No dates",IF(G5<Summary!$C$3,"OVERDUE",IF(G5-Summary!$C$3<=7,"Due in 7 days","On track"))))) -> Done | N5: 2 | P5: Project Plan
A6: T-002 | B6: UI | C6: Header Section | D6: UI design for collecting Header fields info (Engineer name, Date, Model, Report, Revision version) | E6: Abhik | F6: 46293 | G6: 46318 | H6: =IF(OR(F6="",G6=""),"",G6-F6) -> 25 | I6: 0.1 | J6: No | K6: =IF(J6="Yes","Blocked",IF(I6>=1,"Complete",IF(I6>0,"In Progress","Not Started"))) -> In Progress | L6: =IF(K6="Complete","Done",IF(K6="Blocked","Blocked",IF(OR(F6="",G6=""),"No dates",IF(G6<Summary!$C$3,"OVERDUE",IF(G6-Summary!$C$3<=7,"Due in 7 days","On track"))))) -> On track | N6: 6 | O6: Date field added per SRG Sections (ART suggestion 8/10/26) | P6: Project Plan
A7: T-003 | B7: UI | C7: Revision Record Table | D7: UI to collect Revision changes (Revision, Date, Change Description, Approvals) | E7: Abhik | F7: 46304 | G7: 46318 | H7: =IF(OR(F7="",G7=""),"",G7-F7) -> 14 | I7: 0.2 | J7: No | K7: =IF(J7="Yes","Blocked",IF(I7>=1,"Complete",IF(I7>0,"In Progress","Not Started"))) -> In Progress | L7: =IF(K7="Complete","Done",IF(K7="Blocked","Blocked",IF(OR(F7="",G7=""),"No dates",IF(G7<Summary!$C$3,"OVERDUE",IF(G7-Summary!$C$3<=7,"Due in 7 days","On track"))))) -> On track | N7: 10 | O7: Finish date read as 23/16/2026 in source; assumed 23/10/2026. Fields per SRG Sections (first row auto-filled; rest from UI) | P7: Project Plan
A8: T-004 | B8: UI | C8: Component Description | D8: UI to capture Program, Component, Loads | E8: Abhik | F8: 46286 | G8: 46304 | H8: =IF(OR(F8="",G8=""),"",G8-F8) -> 18 | I8: 0 | J8: No | K8: =IF(J8="Yes","Blocked",IF(I8>=1,"Complete",IF(I8>0,"In Progress","Not Started"))) -> Not Started | L8: =IF(K8="Complete","Done",IF(K8="Blocked","Blocked",IF(OR(F8="",G8=""),"No dates",IF(G8<Summary!$C$3,"OVERDUE",IF(G8-Summary!$C$3<=7,"Due in 7 days","On track"))))) -> OVERDUE | N8: 39 | P8: Project Plan
A9: T-005 | B9: UI | C9: FEM Description | D9: UI for uploading BDF and DAT input files | E9: Unassigned | H9: =IF(OR(F9="",G9=""),"",G9-F9) | I9: 0 | J9: No | K9: =IF(J9="Yes","Blocked",IF(I9>=1,"Complete",IF(I9>0,"In Progress","Not Started"))) -> Not Started | L9: =IF(K9="Complete","Done",IF(K9="Blocked","Blocked",IF(OR(F9="",G9=""),"No dates",IF(G9<Summary!$C$3,"OVERDUE",IF(G9-Summary!$C$3<=7,"Due in 7 days","On track"))))) -> No dates | N9: SRG-19 | O9: Proposed: input channel for BDF/DAT not specified in source - confirm | P9: Proposed
A10: T-006 | B10: Backend | C10: Project Setup | D10: Postgres database setup and data model to store login info (local env) | E10: Abhik | F10: 46286 | G10: 46304 | H10: =IF(OR(F10="",G10=""),"",G10-F10) -> 18 | I10: 0.9 | J10: No | K10: =IF(J10="Yes","Blocked",IF(I10>=1,"Complete",IF(I10>0,"In Progress","Not Started"))) -> In Progress | L10: =IF(K10="Complete","Done",IF(K10="Blocked","Blocked",IF(OR(F10="",G10=""),"No dates",IF(G10<Summary!$C$3,"OVERDUE",IF(G10-Summary!$C$3<=7,"Due in 7 days","On track"))))) -> OVERDUE | N10: 3 | P10: Project Plan
A11: T-007 | B11: Backend | C11: Header Section | D11: YAML to add Header section in AR | E11: Srujan | F11: 46293 | G11: 46311 | H11: =IF(OR(F11="",G11=""),"",G11-F11) -> 18 | I11: 1 | J11: No | K11: =IF(J11="Yes","Blocked",IF(I11>=1,"Complete",IF(I11>0,"In Progress","Not Started"))) -> Complete | L11: =IF(K11="Complete","Done",IF(K11="Blocked","Blocked",IF(OR(F11="",G11=""),"No dates",IF(G11<Summary!$C$3,"OVERDUE",IF(G11-Summary!$C$3<=7,"Due in 7 days","On track"))))) -> Done | N11: 8 | P11: Project Plan
A12: T-008 | B12: Backend | C12: Table of Contents | D12: YAML to add TOC section in AR | E12: Srujan | F12: 46293 | G12: 46296 | H12: =IF(OR(F12="",G12=""),"",G12-F12) -> 3 | I12: 1 | J12: No | K12: =IF(J12="Yes","Blocked",IF(I12>=1,"Complete",IF(I12>0,"In Progress","Not Started"))) -> Complete | L12: =IF(K12="Complete","Done",IF(K12="Blocked","Blocked",IF(OR(F12="",G12=""),"No dates",IF(G12<Summary!$C$3,"OVERDUE",IF(G12-Summary!$C$3<=7,"Due in 7 days","On track"))))) -> Done | N12: 9 | P12: Project Plan
A13: T-009 | B13: Backend | C13: Revision Record Table | D13: Data model for saving Revision history (only first revision auto-filled; later revisions manual entry) | E13: Abhik | F13: 46304 | G13: 46318 | H13: =IF(OR(F13="",G13=""),"",G13-F13) -> 14 | I13: 0.2 | J13: No | K13: =IF(J13="Yes","Blocked",IF(I13>=1,"Complete",IF(I13>0,"In Progress","Not Started"))) -> In Progress | L13: =IF(K13="Complete","Done",IF(K13="Blocked","Blocked",IF(OR(F13="",G13=""),"No dates",IF(G13<Summary!$C$3,"OVERDUE",IF(G13-Summary!$C$3<=7,"Due in 7 days","On track"))))) -> On track | N13: 12 | O13: Finish date read as 23/16/2026 in source; assumed 23/10/2026 | P13: Project Plan
A14: T-010 | B14: Backend | C14: Revision Record Table | D14: YAML to add Revision table to AR | E14: Srujan | F14: 46293 | G14: 46311 | H14: =IF(OR(F14="",G14=""),"",G14-F14) -> 18 | I14: 1 | J14: No | K14: =IF(J14="Yes","Blocked",IF(I14>=1,"Complete",IF(I14>0,"In Progress","Not Started"))) -> Complete | L14: =IF(K14="Complete","Done",IF(K14="Blocked","Blocked",IF(OR(F14="",G14=""),"No dates",IF(G14<Summary!$C$3,"OVERDUE",IF(G14-Summary!$C$3<=7,"Due in 7 days","On track"))))) -> Done | N14: 13 | P14: Project Plan
A15: T-011 | B15: Backend | C15: List of Parts | D15: Automation to extract List of Parts from BOMSTR | E15: Unassigned | H15: =IF(OR(F15="",G15=""),"",G15-F15) | I15: 0 | J15: Yes | K15: =IF(J15="Yes","Blocked",IF(I15>=1,"Complete",IF(I15>0,"In Progress","Not Started"))) -> Blocked | L15: =IF(K15="Complete","Done",IF(K15="Blocked","Blocked",IF(OR(F15="",G15=""),"No dates",IF(G15<Summary!$C$3,"OVERDUE",IF(G15-Summary!$C$3<=7,"Due in 7 days","On track"))))) -> Blocked | M15: ASG Team to confirm if BOMSTR or Drawing PDF? | N15: 31 | P15: Project Plan
A16: T-012 | B16: Backend | C16: List of Parts | D16: Automation/OCR to extract List of Parts from Drawing documents | E16: Unassigned | H16: =IF(OR(F16="",G16=""),"",G16-F16) | I16: 0 | J16: Yes | K16: =IF(J16="Yes","Blocked",IF(I16>=1,"Complete",IF(I16>0,"In Progress","Not Started"))) -> Blocked | L16: =IF(K16="Complete","Done",IF(K16="Blocked","Blocked",IF(OR(F16="",G16=""),"No dates",IF(G16<Summary!$C$3,"OVERDUE",IF(G16-Summary!$C$3<=7,"Due in 7 days","On track"))))) -> Blocked | M16: ASG Team to confirm if BOMSTR or Drawing PDF? | N16: 32 | O16: ART recommends BOMSTR instead: drawings only have high-level part numbers (no sub-parts) and OCR needs extra processing (8/10/26) | P16: Project Plan
A17: T-013 | B17: Backend | C17: List of Parts | D17: Automation to download PDF from Teamcenter | E17: Unassigned | H17: =IF(OR(F17="",G17=""),"",G17-F17) | I17: 0 | J17: Yes | K17: =IF(J17="Yes","Blocked",IF(I17>=1,"Complete",IF(I17>0,"In Progress","Not Started"))) -> Blocked | L17: =IF(K17="Complete","Done",IF(K17="Blocked","Blocked",IF(OR(F17="",G17=""),"No dates",IF(G17<Summary!$C$3,"OVERDUE",IF(G17-Summary!$C$3<=7,"Due in 7 days","On track"))))) -> Blocked | M17: ASG Team to provide API access to Teamcenter | N17: 33 | O17: Long-term per ART; Teamcenter API access currently unavailable (8/10/26) | P17: Project Plan
A18: T-014 | B18: Backend | C18: List of Parts | D18: YAML to add List of Parts section in AR | E18: Unassigned | H18: =IF(OR(F18="",G18=""),"",G18-F18) | I18: 0 | J18: Yes | K18: =IF(J18="Yes","Blocked",IF(I18>=1,"Complete",IF(I18>0,"In Progress","Not Started"))) -> Blocked | L18: =IF(K18="Complete","Done",IF(K18="Blocked","Blocked",IF(OR(F18="",G18=""),"No dates",IF(G18<Summary!$C$3,"OVERDUE",IF(G18-Summary!$C$3<=7,"Due in 7 days","On track"))))) -> Blocked | M18: ASG Team to confirm if BOMSTR or Drawing PDF? | N18: 34 | P18: Project Plan
A19: T-015 | B19: Backend | C19: Margin of Safety (MS) Summary | D19: Automation to extract Location ID | E19: Unassigned | H19: =IF(OR(F19="",G19=""),"",G19-F19) | I19: 0 | J19: Yes | K19: =IF(J19="Yes","Blocked",IF(I19>=1,"Complete",IF(I19>0,"In Progress","Not Started"))) -> Blocked | L19: =IF(K19="Complete","Done",IF(K19="Blocked","Blocked",IF(OR(F19="",G19=""),"No dates",IF(G19<Summary!$C$3,"OVERDUE",IF(G19-Summary!$C$3<=7,"Due in 7 days","On track"))))) -> Blocked | M19: ASG Team to provide Location ID for analysis (not feasible to extract from CATIA images) | N19: 35 | O19: Feature grouping inferred. CONFLICT: plan says not feasible from CATIA images; SRG Sections (8/10/26) says Location ID will come from CATIA image - confirm with ASG | P19: Project Plan
A20: T-016 | B20: Backend | C20: Margin of Safety (MS) Summary | D20: Automation to extract Part Number, Material, Temp, Applied Condition/Load ID, Applied Load/Stress, Allowable Load/Stress, Failure Mode, MS | E20: Unassigned | H20: =IF(OR(F20="",G20=""),"",G20-F20) | I20: 0 | J20: Yes | K20: =IF(J20="Yes","Blocked",IF(I20>=1,"Complete",IF(I20>0,"In Progress","Not Started"))) -> Blocked | L20: =IF(K20="Complete","Done",IF(K20="Blocked","Blocked",IF(OR(F20="",G20=""),"No dates",IF(G20<Summary!$C$3,"OVERDUE",IF(G20-Summary!$C$3<=7,"Due in 7 days","On track"))))) -> Blocked | M20: ASG Team to output Part Number, Material, Temp, Load ID, Applied/Allowable Load-Stress, Failure Mode, MS in Excel (confirmed in 5/10/26 meeting) | N20: 36 | O20: MS comes from one-stop stress tool Excel output | P20: Project Plan
A21: T-017 | B21: Backend | C21: Margin of Safety (MS) Summary | D21: Automation to create MOS summary table | E21: Unassigned | H21: =IF(OR(F21="",G21=""),"",G21-F21) | I21: 0 | J21: Yes | K21: =IF(J21="Yes","Blocked",IF(I21>=1,"Complete",IF(I21>0,"In Progress","Not Started"))) -> Blocked | L21: =IF(K21="Complete","Done",IF(K21="Blocked","Blocked",IF(OR(F21="",G21=""),"No dates",IF(G21<Summary!$C$3,"OVERDUE",IF(G21-Summary!$C$3<=7,"Due in 7 days","On track"))))) -> Blocked | M21: ASG Team to output Part Number, Material, Temp, Load ID, Applied/Allowable Load-Stress, Failure Mode, MS in Excel (confirmed in 5/10/26 meeting) | N21: 37 | P21: Project Plan
A22: T-018 | B22: Backend | C22: Margin of Safety (MS) Summary | D22: YAML to add MOS Summary section in AR | E22: Unassigned | H22: =IF(OR(F22="",G22=""),"",G22-F22) | I22: 0 | J22: Yes | K22: =IF(J22="Yes","Blocked",IF(I22>=1,"Complete",IF(I22>0,"In Progress","Not Started"))) -> Blocked | L22: =IF(K22="Complete","Done",IF(K22="Blocked","Blocked",IF(OR(F22="",G22=""),"No dates",IF(G22<Summary!$C$3,"OVERDUE",IF(G22-Summary!$C$3<=7,"Due in 7 days","On track"))))) -> Blocked | M22: ASG Team to output Part Number, Material, Temp, Load ID, Applied/Allowable Load-Stress, Failure Mode, MS in Excel (confirmed in 5/10/26 meeting) | N22: 38 | P22: Project Plan
A23: T-019 | B23: Backend | C23: Component Description | D23: Automation to merge UI and RAG data | E23: Abhik | F23: 46304 | G23: 46318 | H23: =IF(OR(F23="",G23=""),"",G23-F23) -> 14 | I23: 0 | J23: No | K23: =IF(J23="Yes","Blocked",IF(I23>=1,"Complete",IF(I23>0,"In Progress","Not Started"))) -> Not Started | L23: =IF(K23="Complete","Done",IF(K23="Blocked","Blocked",IF(OR(F23="",G23=""),"No dates",IF(G23<Summary!$C$3,"OVERDUE",IF(G23-Summary!$C$3<=7,"Due in 7 days","On track"))))) -> On track | N23: 41 | P23: Project Plan
A24: T-020 | B24: Backend | C24: Component Description | D24: Add images to Component Description | E24: Unassigned | H24: =IF(OR(F24="",G24=""),"",G24-F24) | I24: 0 | J24: Yes | K24: =IF(J24="Yes","Blocked",IF(I24>=1,"Complete",IF(I24>0,"In Progress","Not Started"))) -> Blocked | L24: =IF(K24="Complete","Done",IF(K24="Blocked","Blocked",IF(OR(F24="",G24=""),"No dates",IF(G24<Summary!$C$3,"OVERDUE",IF(G24-Summary!$C$3<=7,"Due in 7 days","On track"))))) -> Blocked | M24: ASG Team to provide Images | N24: 42 | P24: Project Plan
A25: T-021 | B25: Backend | C25: Component Description | D25: YAML to add Component Description section | E25: Srujan | F25: 46304 | G25: 46318 | H25: =IF(OR(F25="",G25=""),"",G25-F25) -> 14 | I25: 0 | J25: No | K25: =IF(J25="Yes","Blocked",IF(I25>=1,"Complete",IF(I25>0,"In Progress","Not Started"))) -> Not Started | L25: =IF(K25="Complete","Done",IF(K25="Blocked","Blocked",IF(OR(F25="",G25=""),"No dates",IF(G25<Summary!$C$3,"OVERDUE",IF(G25-Summary!$C$3<=7,"Due in 7 days","On track"))))) -> On track | N25: 43 | P25: Project Plan
A26: T-022 | B26: Backend | C26: Loads Section | D26: Automation to get Loads information from One Stop Stress tool | E26: Unassigned | H26: =IF(OR(F26="",G26=""),"",G26-F26) | I26: 0 | J26: Yes | K26: =IF(J26="Yes","Blocked",IF(I26>=1,"Complete",IF(I26>0,"In Progress","Not Started"))) -> Blocked | L26: =IF(K26="Complete","Done",IF(K26="Blocked","Blocked",IF(OR(F26="",G26=""),"No dates",IF(G26<Summary!$C$3,"OVERDUE",IF(G26-Summary!$C$3<=7,"Due in 7 days","On track"))))) -> Blocked | M26: ASG Team One Stop Stress tool not ready yet for Loads | N26: 45 | O26: Dependency cell showed 'sr' in source; inferred from adjacent rows | P26: Project Plan
A27: T-023 | B27: Backend | C27: Loads Section | D27: YAML to add Loads section in AR | E27: Unassigned | H27: =IF(OR(F27="",G27=""),"",G27-F27) | I27: 0 | J27: Yes | K27: =IF(J27="Yes","Blocked",IF(I27>=1,"Complete",IF(I27>0,"In Progress","Not Started"))) -> Blocked | L27: =IF(K27="Complete","Done",IF(K27="Blocked","Blocked",IF(OR(F27="",G27=""),"No dates",IF(G27<Summary!$C$3,"OVERDUE",IF(G27-Summary!$C$3<=7,"Due in 7 days","On track"))))) -> Blocked | M27: ASG Team One Stop Stress tool not ready yet for Loads | N27: 46 | P27: Project Plan
A28: T-024 | B28: Backend | C28: Loads Section | D28: Add images to Loads section | E28: Unassigned | H28: =IF(OR(F28="",G28=""),"",G28-F28) | I28: 0 | J28: Yes | K28: =IF(J28="Yes","Blocked",IF(I28>=1,"Complete",IF(I28>0,"In Progress","Not Started"))) -> Blocked | L28: =IF(K28="Complete","Done",IF(K28="Blocked","Blocked",IF(OR(F28="",G28=""),"No dates",IF(G28<Summary!$C$3,"OVERDUE",IF(G28-Summary!$C$3<=7,"Due in 7 days","On track"))))) -> Blocked | M28: ASG Team to provide Images | N28: 47 | P28: Project Plan
A29: T-025 | B29: Backend | C29: Static Analysis Section | D29: Automation to get Static Analysis from One Stop Stress tool | E29: Unassigned | H29: =IF(OR(F29="",G29=""),"",G29-F29) | I29: 0 | J29: Yes | K29: =IF(J29="Yes","Blocked",IF(I29>=1,"Complete",IF(I29>0,"In Progress","Not Started"))) -> Blocked | L29: =IF(K29="Complete","Done",IF(K29="Blocked","Blocked",IF(OR(F29="",G29=""),"No dates",IF(G29<Summary!$C$3,"OVERDUE",IF(G29-Summary!$C$3<=7,"Due in 7 days","On track"))))) -> Blocked | M29: ASG Team One Stop Stress tool not ready yet for Static Analysis | N29: 49 | P29: Project Plan
A30: T-026 | B30: Backend | C30: Static Analysis Section | D30: YAML to add Static Analysis section in AR | E30: Unassigned | H30: =IF(OR(F30="",G30=""),"",G30-F30) | I30: 0 | J30: Yes | K30: =IF(J30="Yes","Blocked",IF(I30>=1,"Complete",IF(I30>0,"In Progress","Not Started"))) -> Blocked | L30: =IF(K30="Complete","Done",IF(K30="Blocked","Blocked",IF(OR(F30="",G30=""),"No dates",IF(G30<Summary!$C$3,"OVERDUE",IF(G30-Summary!$C$3<=7,"Due in 7 days","On track"))))) -> Blocked | M30: ASG Team One Stop Stress tool not ready yet for Static Analysis | N30: 50 | P30: Project Plan
A31: T-027 | B31: Backend | C31: Static Analysis Section | D31: Add images to Static Analysis section | E31: Unassigned | H31: =IF(OR(F31="",G31=""),"",G31-F31) | I31: 0 | J31: Yes | K31: =IF(J31="Yes","Blocked",IF(I31>=1,"Complete",IF(I31>0,"In Progress","Not Started"))) -> Blocked | L31: =IF(K31="Complete","Done",IF(K31="Blocked","Blocked",IF(OR(F31="",G31=""),"No dates",IF(G31<Summary!$C$3,"OVERDUE",IF(G31-Summary!$C$3<=7,"Due in 7 days","On track"))))) -> Blocked | M31: ASG Team to provide Images | N31: 51 | P31: Project Plan
A32: T-028 | B32: Backend | C32: Materials (Metallic) Section | D32: Automation to extract List of Parts from BOMSTR | E32: Unassigned | H32: =IF(OR(F32="",G32=""),"",G32-F32) | I32: 0 | J32: Yes | K32: =IF(J32="Yes","Blocked",IF(I32>=1,"Complete",IF(I32>0,"In Progress","Not Started"))) -> Blocked | L32: =IF(K32="Complete","Done",IF(K32="Blocked","Blocked",IF(OR(F32="",G32=""),"No dates",IF(G32<Summary!$C$3,"OVERDUE",IF(G32-Summary!$C$3<=7,"Due in 7 days","On track"))))) -> Blocked | M32: ASG Team to confirm if BOMSTR or Drawing PDF? | N32: 53 | P32: Project Plan
A33: T-029 | B33: Backend | C33: Materials (Metallic) Section | D33: Automation/OCR to extract List of Parts from Drawing documents | E33: Unassigned | H33: =IF(OR(F33="",G33=""),"",G33-F33) | I33: 0 | J33: Yes | K33: =IF(J33="Yes","Blocked",IF(I33>=1,"Complete",IF(I33>0,"In Progress","Not Started"))) -> Blocked | L33: =IF(K33="Complete","Done",IF(K33="Blocked","Blocked",IF(OR(F33="",G33=""),"No dates",IF(G33<Summary!$C$3,"OVERDUE",IF(G33-Summary!$C$3<=7,"Due in 7 days","On track"))))) -> Blocked | M33: ASG Team to confirm if BOMSTR or Drawing PDF? | N33: 54 | O33: ART recommends BOMSTR instead: drawings only have high-level part numbers (no sub-parts) and OCR needs extra processing (8/10/26) | P33: Project Plan
A34: T-030 | B34: Backend | C34: Materials (Metallic) Section | D34: Automation to download PDF from Teamcenter | E34: Unassigned | H34: =IF(OR(F34="",G34=""),"",G34-F34) | I34: 0 | J34: Yes | K34: =IF(J34="Yes","Blocked",IF(I34>=1,"Complete",IF(I34>0,"In Progress","Not Started"))) -> Blocked | L34: =IF(K34="Complete","Done",IF(K34="Blocked","Blocked",IF(OR(F34="",G34=""),"No dates",IF(G34<Summary!$C$3,"OVERDUE",IF(G34-Summary!$C$3<=7,"Due in 7 days","On track"))))) -> Blocked | M34: ASG Team to provide API access to Teamcenter | N34: 55 | O34: Long-term per ART; Teamcenter API access currently unavailable (8/10/26) | P34: Project Plan
A35: T-031 | B35: Backend | C35: Materials (Metallic) Section | D35: Add images to Materials section | E35: Unassigned | H35: =IF(OR(F35="",G35=""),"",G35-F35) | I35: 0 | J35: Yes | K35: =IF(J35="Yes","Blocked",IF(I35>=1,"Complete",IF(I35>0,"In Progress","Not Started"))) -> Blocked | L35: =IF(K35="Complete","Done",IF(K35="Blocked","Blocked",IF(OR(F35="",G35=""),"No dates",IF(G35<Summary!$C$3,"OVERDUE",IF(G35-Summary!$C$3<=7,"Due in 7 days","On track"))))) -> Blocked | M35: ASG Team to provide Images | N35: 56 | P35: Project Plan
A36: T-032 | B36: Backend | C36: Materials (Metallic) Section | D36: YAML to add Materials section in AR | E36: Unassigned | H36: =IF(OR(F36="",G36=""),"",G36-F36) | I36: 0 | J36: Yes | K36: =IF(J36="Yes","Blocked",IF(I36>=1,"Complete",IF(I36>0,"In Progress","Not Started"))) -> Blocked | L36: =IF(K36="Complete","Done",IF(K36="Blocked","Blocked",IF(OR(F36="",G36=""),"No dates",IF(G36<Summary!$C$3,"OVERDUE",IF(G36-Summary!$C$3<=7,"Due in 7 days","On track"))))) -> Blocked | M36: ASG Team to confirm if BOMSTR or Drawing PDF? | N36: 57 | P36: Project Plan
A37: T-033 | B37: Backend | C37: References Section | D37: Automation for generating Reference section from previous ARs | E37: Unassigned | H37: =IF(OR(F37="",G37=""),"",G37-F37) | I37: 0 | J37: Yes | K37: =IF(J37="Yes","Blocked",IF(I37>=1,"Complete",IF(I37>0,"In Progress","Not Started"))) -> Blocked | L37: =IF(K37="Complete","Done",IF(K37="Blocked","Blocked",IF(OR(F37="",G37=""),"No dates",IF(G37<Summary!$C$3,"OVERDUE",IF(G37-Summary!$C$3<=7,"Due in 7 days","On track"))))) -> Blocked | M37: ASG Team to provide list of ESOMS to component Mapping | N37: 58 | O37: ASG agreed (9/7/26) to provide Excel of ESOMs used in component - not received yet | P37: Project Plan
A38: T-034 | B38: Backend | C38: References Section | D38: YAML to add Reference section in AR | E38: Unassigned | H38: =IF(OR(F38="",G38=""),"",G38-F38) | I38: 0 | J38: Yes | K38: =IF(J38="Yes","Blocked",IF(I38>=1,"Complete",IF(I38>0,"In Progress","Not Started"))) -> Blocked | L38: =IF(K38="Complete","Done",IF(K38="Blocked","Blocked",IF(OR(F38="",G38=""),"No dates",IF(G38<Summary!$C$3,"OVERDUE",IF(G38-Summary!$C$3<=7,"Due in 7 days","On track"))))) -> Blocked | M38: ASG Team to provide list of ESOMS to component Mapping | N38: 59 | P38: Project Plan
A39: T-035 | B39: Backend | C39: Fan Cowl AR - Release & Testing | D39: Generate Report for Fan Cowl AR | E39: Srujan, Rajesh, Abhik | F39: 46304 | G39: 46358 | H39: =IF(OR(F39="",G39=""),"",G39-F39) -> 54 | I39: 1 | J39: No | K39: =IF(J39="Yes","Blocked",IF(I39>=1,"Complete",IF(I39>0,"In Progress","Not Started"))) -> Complete | L39: =IF(K39="Complete","Done",IF(K39="Blocked","Blocked",IF(OR(F39="",G39=""),"No dates",IF(G39<Summary!$C$3,"OVERDUE",IF(G39-Summary!$C$3<=7,"Due in 7 days","On track"))))) -> Done | N39: 60 | O39: Shown as 100% in source although finish date is 2/12/2026 - please verify | P39: Project Plan
A40: T-036 | B40: Backend | C40: Scope Section | D40: YAML to add Scope section in AR | E40: Unassigned | H40: =IF(OR(F40="",G40=""),"",G40-F40) | I40: 0 | J40: No | K40: =IF(J40="Yes","Blocked",IF(I40>=1,"Complete",IF(I40>0,"In Progress","Not Started"))) -> Not Started | L40: =IF(K40="Complete","Done",IF(K40="Blocked","Blocked",IF(OR(F40="",G40=""),"No dates",IF(G40<Summary!$C$3,"OVERDUE",IF(G40-Summary!$C$3<=7,"Due in 7 days","On track"))))) -> No dates | M40: UI to capture Program, Component, Loads | N40: SRG-12 | O40: Proposed from SRG Sections row 12 (Scope not in original plan) | P40: Proposed
A41: T-037 | B41: Backend | C41: Analysis Checklist | D41: Automation to build Analysis Checklist from Failure Mode Matrix Excel | E41: Unassigned | H41: =IF(OR(F41="",G41=""),"",G41-F41) | I41: 0 | J41: No | K41: =IF(J41="Yes","Blocked",IF(I41>=1,"Complete",IF(I41>0,"In Progress","Not Started"))) -> Not Started | L41: =IF(K41="Complete","Done",IF(K41="Blocked","Blocked",IF(OR(F41="",G41=""),"No dates",IF(G41<Summary!$C$3,"OVERDUE",IF(G41-Summary!$C$3<=7,"Due in 7 days","On track"))))) -> No dates | N41: SRG-11 | O41: Proposed. SRG says ART already developed a solution - confirm status / % done | P41: Proposed
A42: T-038 | B42: Backend | C42: Analysis Checklist | D42: YAML to add Analysis Checklist section in AR | E42: Unassigned | H42: =IF(OR(F42="",G42=""),"",G42-F42) | I42: 0 | J42: No | K42: =IF(J42="Yes","Blocked",IF(I42>=1,"Complete",IF(I42>0,"In Progress","Not Started"))) -> Not Started | L42: =IF(K42="Complete","Done",IF(K42="Blocked","Blocked",IF(OR(F42="",G42=""),"No dates",IF(G42<Summary!$C$3,"OVERDUE",IF(G42-Summary!$C$3<=7,"Due in 7 days","On track"))))) -> No dates | N42: SRG-11 | O42: Proposed from SRG Sections row 11 (not in original plan) | P42: Proposed
A43: T-039 | B43: Backend | C43: FEM Description | D43: Automation to parse BDF/DAT (component name, element/property/material type, material description, solver, solution type/description, total and excluded elements) | E43: Unassigned | H43: =IF(OR(F43="",G43=""),"",G43-F43) | I43: 0 | J43: No | K43: =IF(J43="Yes","Blocked",IF(I43>=1,"Complete",IF(I43>0,"In Progress","Not Started"))) -> Not Started | L43: =IF(K43="Complete","Done",IF(K43="Blocked","Blocked",IF(OR(F43="",G43=""),"No dates",IF(G43<Summary!$C$3,"OVERDUE",IF(G43-Summary!$C$3<=7,"Due in 7 days","On track"))))) -> No dates | N43: SRG-19 | O43: Proposed from SRG Sections row 19 (FEM not in original plan) | P43: Proposed
A44: T-040 | B44: Backend | C44: FEM Description | D44: YAML to add FEM Description section in AR | E44: Unassigned | H44: =IF(OR(F44="",G44=""),"",G44-F44) | I44: 0 | J44: No | K44: =IF(J44="Yes","Blocked",IF(I44>=1,"Complete",IF(I44>0,"In Progress","Not Started"))) -> Not Started | L44: =IF(K44="Complete","Done",IF(K44="Blocked","Blocked",IF(OR(F44="",G44=""),"No dates",IF(G44<Summary!$C$3,"OVERDUE",IF(G44-Summary!$C$3<=7,"Due in 7 days","On track"))))) -> No dates | N44: SRG-19 | O44: Proposed from SRG Sections row 19 | P44: Proposed
A45: T-041 | B45: Backend | C45: FEM Description | D45: FEM subsections (Model Setup, Boundary Conditions, Results) and images | E45: Unassigned | H45: =IF(OR(F45="",G45=""),"",G45-F45) | I45: 0 | J45: Yes | K45: =IF(J45="Yes","Blocked",IF(I45>=1,"Complete",IF(I45>0,"In Progress","Not Started"))) -> Blocked | L45: =IF(K45="Complete","Done",IF(K45="Blocked","Blocked",IF(OR(F45="",G45=""),"No dates",IF(G45<Summary!$C$3,"OVERDUE",IF(G45-Summary!$C$3<=7,"Due in 7 days","On track"))))) -> Blocked | M45: ASG Team to review FEM requirements and clarify which FEM subsections to include (agreed 8/10/26) | N45: SRG-19 | O45: Subsections inconsistent across previous ARs (ART observation 8/10/26) | P45: Proposed
A46: T-042 | B46: Backend | C46: Appendix | D46: Automation to populate Appendix from ASG-provided folder | E46: Unassigned | H46: =IF(OR(F46="",G46=""),"",G46-F46) | I46: 0 | J46: Yes | K46: =IF(J46="Yes","Blocked",IF(I46>=1,"Complete",IF(I46>0,"In Progress","Not Started"))) -> Blocked | L46: =IF(K46="Complete","Done",IF(K46="Blocked","Blocked",IF(OR(F46="",G46=""),"No dates",IF(G46<Summary!$C$3,"OVERDUE",IF(G46-Summary!$C$3<=7,"Due in 7 days","On track"))))) -> Blocked | M46: ASG Team to provide folder with Appendix files (agreed 9/7/26) | N46: SRG-21 | O46: Assumed folder not yet delivered - confirm | P46: Proposed
A47: T-043 | B47: Backend | C47: Appendix | D47: YAML to add Appendix section in AR | E47: Unassigned | H47: =IF(OR(F47="",G47=""),"",G47-F47) | I47: 0 | J47: No | K47: =IF(J47="Yes","Blocked",IF(I47>=1,"Complete",IF(I47>0,"In Progress","Not Started"))) -> Not Started | L47: =IF(K47="Complete","Done",IF(K47="Blocked","Blocked",IF(OR(F47="",G47=""),"No dates",IF(G47<Summary!$C$3,"OVERDUE",IF(G47-Summary!$C$3<=7,"Due in 7 days","On track"))))) -> No dates | N47: SRG-21 | O47: Proposed from SRG Sections row 21 (Appendix not in original plan) | P47: Proposed
A48: T-044 | B48: API | C48: Project Setup | D48: API for login page | E48: Abhik | F48: 46286 | G48: 46304 | H48: =IF(OR(F48="",G48=""),"",G48-F48) -> 18 | I48: 0.9 | J48: No | K48: =IF(J48="Yes","Blocked",IF(I48>=1,"Complete",IF(I48>0,"In Progress","Not Started"))) -> In Progress | L48: =IF(K48="Complete","Done",IF(K48="Blocked","Blocked",IF(OR(F48="",G48=""),"No dates",IF(G48<Summary!$C$3,"OVERDUE",IF(G48-Summary!$C$3<=7,"Due in 7 days","On track"))))) -> OVERDUE | N48: 4 | P48: Project Plan
A49: T-045 | B49: API | C49: Project Setup | D49: API layer folder setup (local env) | E49: Abhik | F49: 46286 | G49: 46304 | H49: =IF(OR(F49="",G49=""),"",G49-F49) -> 18 | I49: 0.9 | J49: No | K49: =IF(J49="Yes","Blocked",IF(I49>=1,"Complete",IF(I49>0,"In Progress","Not Started"))) -> In Progress | L49: =IF(K49="Complete","Done",IF(K49="Blocked","Blocked",IF(OR(F49="",G49=""),"No dates",IF(G49<Summary!$C$3,"OVERDUE",IF(G49-Summary!$C$3<=7,"Due in 7 days","On track"))))) -> OVERDUE | N49: 5 | P49: Project Plan
A50: T-046 | B50: API | C50: Header Section | D50: API design to add Header fields to Word template | E50: Abhik | F50: 46293 | G50: 46318 | H50: =IF(OR(F50="",G50=""),"",G50-F50) -> 25 | I50: 0.1 | J50: No | K50: =IF(J50="Yes","Blocked",IF(I50>=1,"Complete",IF(I50>0,"In Progress","Not Started"))) -> In Progress | L50: =IF(K50="Complete","Done",IF(K50="Blocked","Blocked",IF(OR(F50="",G50=""),"No dates",IF(G50<Summary!$C$3,"OVERDUE",IF(G50-Summary!$C$3<=7,"Due in 7 days","On track"))))) -> On track | N50: 7 | P50: Project Plan
A51: T-047 | B51: API | C51: Revision Record Table | D51: API design to add Revision fields to table | E51: Abhik | F51: 46304 | G51: 46318 | H51: =IF(OR(F51="",G51=""),"",G51-F51) -> 14 | I51: 0.2 | J51: No | K51: =IF(J51="Yes","Blocked",IF(I51>=1,"Complete",IF(I51>0,"In Progress","Not Started"))) -> In Progress | L51: =IF(K51="Complete","Done",IF(K51="Blocked","Blocked",IF(OR(F51="",G51=""),"No dates",IF(G51<Summary!$C$3,"OVERDUE",IF(G51-Summary!$C$3<=7,"Due in 7 days","On track"))))) -> On track | N51: 11 | O51: Finish date read as 23/16/2026 in source; assumed 23/10/2026 | P51: Project Plan
A52: T-048 | B52: API | C52: Analysis Checklist | D52: API for reading Failure Mode Matrix spreadsheet | E52: Abhik | F52: 46286 | G52: 46304 | H52: =IF(OR(F52="",G52=""),"",G52-F52) -> 18 | I52: 1 | J52: No | K52: =IF(J52="Yes","Blocked",IF(I52>=1,"Complete",IF(I52>0,"In Progress","Not Started"))) -> Complete | L52: =IF(K52="Complete","Done",IF(K52="Blocked","Blocked",IF(OR(F52="",G52=""),"No dates",IF(G52<Summary!$C$3,"OVERDUE",IF(G52-Summary!$C$3<=7,"Due in 7 days","On track"))))) -> Done | M52: Not considered - previous ARs will be used | N52: 14 | O52: Descoped per project plan note, BUT SRG Sections says ART developed a Failure Mode Matrix based solution for the Analysis Checklist - reconcile | P52: Project Plan
A53: T-049 | B53: API | C53: Scope Section | D53: API to store/serve Program, Component, Loads inputs (shared by Scope and Component Description) | E53: Unassigned | H53: =IF(OR(F53="",G53=""),"",G53-F53) | I53: 0 | J53: No | K53: =IF(J53="Yes","Blocked",IF(I53>=1,"Complete",IF(I53>0,"In Progress","Not Started"))) -> Not Started | L53: =IF(K53="Complete","Done",IF(K53="Blocked","Blocked",IF(OR(F53="",G53=""),"No dates",IF(G53<Summary!$C$3,"OVERDUE",IF(G53-Summary!$C$3<=7,"Due in 7 days","On track"))))) -> No dates | N53: SRG-12 | O53: Proposed: UI capture task exists but no matching API task | P53: Proposed
A54: T-050 | B54: API | C54: FEM Description | D54: API to receive BDF/DAT files and return extracted FEM attributes | E54: Unassigned | H54: =IF(OR(F54="",G54=""),"",G54-F54) | I54: 0 | J54: No | K54: =IF(J54="Yes","Blocked",IF(I54>=1,"Complete",IF(I54>0,"In Progress","Not Started"))) -> Not Started | L54: =IF(K54="Complete","Done",IF(K54="Blocked","Blocked",IF(OR(F54="",G54=""),"No dates",IF(G54<Summary!$C$3,"OVERDUE",IF(G54-Summary!$C$3<=7,"Due in 7 days","On track"))))) -> No dates | N54: SRG-19 | O54: Proposed: input channel for BDF/DAT not specified in source - confirm | P54: Proposed
A55: T-051 | B55: LLM & RAG | C55: Component Description | D55: RAG to populate Connection Type, Load Path | E55: Rajesh | F55: 46304 | G55: 46318 | H55: =IF(OR(F55="",G55=""),"",G55-F55) -> 14 | I55: 0 | J55: No | K55: =IF(J55="Yes","Blocked",IF(I55>=1,"Complete",IF(I55>0,"In Progress","Not Started"))) -> Not Started | L55: =IF(K55="Complete","Done",IF(K55="Blocked","Blocked",IF(OR(F55="",G55=""),"No dates",IF(G55<Summary!$C$3,"OVERDUE",IF(G55-Summary!$C$3<=7,"Due in 7 days","On track"))))) -> On track | N55: 40 | P55: Project Plan
A56: T-052 | B56: LLM & RAG | C56: Component Description | D56: LLM generation for Component Description | E56: Srujan | F56: 46304 | G56: 46318 | H56: =IF(OR(F56="",G56=""),"",G56-F56) -> 14 | I56: 0 | J56: No | K56: =IF(J56="Yes","Blocked",IF(I56>=1,"Complete",IF(I56>0,"In Progress","Not Started"))) -> Not Started | L56: =IF(K56="Complete","Done",IF(K56="Blocked","Blocked",IF(OR(F56="",G56=""),"No dates",IF(G56<Summary!$C$3,"OVERDUE",IF(G56-Summary!$C$3<=7,"Due in 7 days","On track"))))) -> On track | N56: 44 | P56: Project Plan
A57: T-053 | B57: LLM & RAG | C57: Loads Section | D57: LLM generation for Loads section in AR | E57: Unassigned | H57: =IF(OR(F57="",G57=""),"",G57-F57) | I57: 0 | J57: Yes | K57: =IF(J57="Yes","Blocked",IF(I57>=1,"Complete",IF(I57>0,"In Progress","Not Started"))) -> Blocked | L57: =IF(K57="Complete","Done",IF(K57="Blocked","Blocked",IF(OR(F57="",G57=""),"No dates",IF(G57<Summary!$C$3,"OVERDUE",IF(G57-Summary!$C$3<=7,"Due in 7 days","On track"))))) -> Blocked | M57: ASG Team One Stop Stress tool not ready yet for Loads | N57: 48 | P57: Project Plan
A58: T-054 | B58: LLM & RAG | C58: Static Analysis Section | D58: LLM generation for Static Analysis section in AR (step-by-step calculation paragraphs) | E58: Unassigned | H58: =IF(OR(F58="",G58=""),"",G58-F58) | I58: 0 | J58: Yes | K58: =IF(J58="Yes","Blocked",IF(I58>=1,"Complete",IF(I58>0,"In Progress","Not Started"))) -> Blocked | L58: =IF(K58="Complete","Done",IF(K58="Blocked","Blocked",IF(OR(F58="",G58=""),"No dates",IF(G58<Summary!$C$3,"OVERDUE",IF(G58-Summary!$C$3<=7,"Due in 7 days","On track"))))) -> Blocked | M58: ASG Team One Stop Stress tool not ready yet for Static Analysis | N58: 52 | P58: Project Plan
A59: T-055 | B59: LLM & RAG | C59: Fan Cowl AR - Release & Testing | D59: RAG pipeline testing | E59: Srujan, Rajesh, Abhik | F59: 46304 | G59: 46358 | H59: =IF(OR(F59="",G59=""),"",G59-F59) -> 54 | I59: 0 | J59: No | K59: =IF(J59="Yes","Blocked",IF(I59>=1,"Complete",IF(I59>0,"In Progress","Not Started"))) -> Not Started | L59: =IF(K59="Complete","Done",IF(K59="Blocked","Blocked",IF(OR(F59="",G59=""),"No dates",IF(G59<Summary!$C$3,"OVERDUE",IF(G59-Summary!$C$3<=7,"Due in 7 days","On track"))))) -> On track | N59: 67 | P59: Project Plan
A60: T-056 | B60: LLM & RAG | C60: Fan Cowl AR - Release & Testing | D60: Testing LLM-generated text / RAG pipeline | E60: Srujan, Rajesh, Abhik | F60: 46304 | G60: 46358 | H60: =IF(OR(F60="",G60=""),"",G60-F60) -> 54 | I60: 0 | J60: No | K60: =IF(J60="Yes","Blocked",IF(I60>=1,"Complete",IF(I60>0,"In Progress","Not Started"))) -> Not Started | L60: =IF(K60="Complete","Done",IF(K60="Blocked","Blocked",IF(OR(F60="",G60=""),"No dates",IF(G60<Summary!$C$3,"OVERDUE",IF(G60-Summary!$C$3<=7,"Due in 7 days","On track"))))) -> On track | N60: 68 | P60: Project Plan
A61: T-057 | B61: LLM & RAG | C61: Environment & RAG Setup | D61: RAG pipeline setup | E61: Unassigned | H61: =IF(OR(F61="",G61=""),"",G61-F61) | I61: 0 | J61: No | K61: =IF(J61="Yes","Blocked",IF(I61>=1,"Complete",IF(I61>0,"In Progress","Not Started"))) -> Not Started | L61: =IF(K61="Complete","Done",IF(K61="Blocked","Blocked",IF(OR(F61="",G61=""),"No dates",IF(G61<Summary!$C$3,"OVERDUE",IF(G61-Summary!$C$3<=7,"Due in 7 days","On track"))))) -> No dates | N61: 72 | O61: Heading only in source (no tasks/dates) - placeholder, please break down | P61: Project Plan
A62: T-058 | B62: LLM & RAG | C62: Scope Section | D62: LLM generation for Scope paragraph (from Program, Component, Loads) | E62: Unassigned | H62: =IF(OR(F62="",G62=""),"",G62-F62) | I62: 0 | J62: No | K62: =IF(J62="Yes","Blocked",IF(I62>=1,"Complete",IF(I62>0,"In Progress","Not Started"))) -> Not Started | L62: =IF(K62="Complete","Done",IF(K62="Blocked","Blocked",IF(OR(F62="",G62=""),"No dates",IF(G62<Summary!$C$3,"OVERDUE",IF(G62-Summary!$C$3<=7,"Due in 7 days","On track"))))) -> No dates | M62: UI to capture Program, Component, Loads | N62: SRG-12 | O62: Proposed from SRG Sections row 12 (AI = Yes) | P62: Proposed
A63: T-059 | B63: LLM & RAG | C63: FEM Description | D63: LLM generation for FEM Description (single paragraph from BDF/DAT attributes) | E63: Unassigned | H63: =IF(OR(F63="",G63=""),"",G63-F63) | I63: 0 | J63: No | K63: =IF(J63="Yes","Blocked",IF(I63>=1,"Complete",IF(I63>0,"In Progress","Not Started"))) -> Not Started | L63: =IF(K63="Complete","Done",IF(K63="Blocked","Blocked",IF(OR(F63="",G63=""),"No dates",IF(G63<Summary!$C$3,"OVERDUE",IF(G63-Summary!$C$3<=7,"Due in 7 days","On track"))))) -> No dates | M63: Automation to parse BDF/DAT | N63: SRG-19 | O63: ASG suggested single paragraph (9/7/26) | P63: Proposed
A64: T-060 | B64: LLM & RAG | C64: Materials (Metallic) Section | D64: LLM generation for Materials section | E64: Unassigned | H64: =IF(OR(F64="",G64=""),"",G64-F64) | I64: 0 | J64: Yes | K64: =IF(J64="Yes","Blocked",IF(I64>=1,"Complete",IF(I64>0,"In Progress","Not Started"))) -> Blocked | L64: =IF(K64="Complete","Done",IF(K64="Blocked","Blocked",IF(OR(F64="",G64=""),"No dates",IF(G64<Summary!$C$3,"OVERDUE",IF(G64-Summary!$C$3<=7,"Due in 7 days","On track"))))) -> Blocked | M64: ASG Team to confirm if BOMSTR or Drawing PDF? | N64: SRG-17 | O64: Proposed: SRG marks Materials as AI = Yes but plan had no LLM task. Billet Size remains a limitation with BOMSTR | P64: Proposed
A65: T-061 | B65: Testing & Release | C65: Fan Cowl AR - Release & Testing | D65: Deployment of code to pre-prod server | E65: Srujan, Rajesh, Abhik | F65: 46304 | G65: 46358 | H65: =IF(OR(F65="",G65=""),"",G65-F65) -> 54 | I65: 0 | J65: No | K65: =IF(J65="Yes","Blocked",IF(I65>=1,"Complete",IF(I65>0,"In Progress","Not Started"))) -> Not Started | L65: =IF(K65="Complete","Done",IF(K65="Blocked","Blocked",IF(OR(F65="",G65=""),"No dates",IF(G65<Summary!$C$3,"OVERDUE",IF(G65-Summary!$C$3<=7,"Due in 7 days","On track"))))) -> On track | N65: 61 | P65: Project Plan
A66: T-062 | B66: Testing & Release | C66: Fan Cowl AR - Release & Testing | D66: Unit testing | E66: Srujan, Rajesh, Abhik | F66: 46304 | G66: 46358 | H66: =IF(OR(F66="",G66=""),"",G66-F66) -> 54 | I66: 0 | J66: No | K66: =IF(J66="Yes","Blocked",IF(I66>=1,"Complete",IF(I66>0,"In Progress","Not Started"))) -> Not Started | L66: =IF(K66="Complete","Done",IF(K66="Blocked","Blocked",IF(OR(F66="",G66=""),"No dates",IF(G66<Summary!$C$3,"OVERDUE",IF(G66-Summary!$C$3<=7,"Due in 7 days","On track"))))) -> On track | N66: 62 | P66: Project Plan
A67: T-063 | B67: Testing & Release | C67: Fan Cowl AR - Release & Testing | D67: CI/CD pipeline | E67: Srujan, Rajesh, Abhik | F67: 46304 | G67: 46358 | H67: =IF(OR(F67="",G67=""),"",G67-F67) -> 54 | I67: 0 | J67: No | K67: =IF(J67="Yes","Blocked",IF(I67>=1,"Complete",IF(I67>0,"In Progress","Not Started"))) -> Not Started | L67: =IF(K67="Complete","Done",IF(K67="Blocked","Blocked",IF(OR(F67="",G67=""),"No dates",IF(G67<Summary!$C$3,"OVERDUE",IF(G67-Summary!$C$3<=7,"Due in 7 days","On track"))))) -> On track | N67: 63 | P67: Project Plan
A68: T-064 | B68: Testing & Release | C68: Fan Cowl AR - Release & Testing | D68: Documentation | E68: Srujan, Rajesh, Abhik | F68: 46304 | G68: 46358 | H68: =IF(OR(F68="",G68=""),"",G68-F68) -> 54 | I68: 0 | J68: No | K68: =IF(J68="Yes","Blocked",IF(I68>=1,"Complete",IF(I68>0,"In Progress","Not Started"))) -> Not Started | L68: =IF(K68="Complete","Done",IF(K68="Blocked","Blocked",IF(OR(F68="",G68=""),"No dates",IF(G68<Summary!$C$3,"OVERDUE",IF(G68-Summary!$C$3<=7,"Due in 7 days","On track"))))) -> On track | N68: 64 | P68: Project Plan
A69: T-065 | B69: Testing & Release | C69: Fan Cowl AR - Release & Testing | D69: Monitoring and Dashboard | E69: Srujan, Rajesh, Abhik | F69: 46304 | G69: 46358 | H69: =IF(OR(F69="",G69=""),"",G69-F69) -> 54 | I69: 0 | J69: No | K69: =IF(J69="Yes","Blocked",IF(I69>=1,"Complete",IF(I69>0,"In Progress","Not Started"))) -> Not Started | L69: =IF(K69="Complete","Done",IF(K69="Blocked","Blocked",IF(OR(F69="",G69=""),"No dates",IF(G69<Summary!$C$3,"OVERDUE",IF(G69-Summary!$C$3<=7,"Due in 7 days","On track"))))) -> On track | N69: 65 | P69: Project Plan
A70: T-066 | B70: Testing & Release | C70: Fan Cowl AR - Release & Testing | D70: Integration testing | E70: Srujan, Rajesh, Abhik | F70: 46304 | G70: 46358 | H70: =IF(OR(F70="",G70=""),"",G70-F70) -> 54 | I70: 0 | J70: No | K70: =IF(J70="Yes","Blocked",IF(I70>=1,"Complete",IF(I70>0,"In Progress","Not Started"))) -> Not Started | L70: =IF(K70="Complete","Done",IF(K70="Blocked","Blocked",IF(OR(F70="",G70=""),"No dates",IF(G70<Summary!$C$3,"OVERDUE",IF(G70-Summary!$C$3<=7,"Due in 7 days","On track"))))) -> On track | N70: 66 | P70: Project Plan
A71: T-067 | B71: Testing & Release | C71: Fan Cowl AR - Release & Testing | D71: Testing end-to-end program | E71: Srujan, Rajesh, Abhik | F71: 46304 | G71: 46358 | H71: =IF(OR(F71="",G71=""),"",G71-F71) -> 54 | I71: 0 | J71: No | K71: =IF(J71="Yes","Blocked",IF(I71>=1,"Complete",IF(I71>0,"In Progress","Not Started"))) -> Not Started | L71: =IF(K71="Complete","Done",IF(K71="Blocked","Blocked",IF(OR(F71="",G71=""),"No dates",IF(G71<Summary!$C$3,"OVERDUE",IF(G71-Summary!$C$3<=7,"Due in 7 days","On track"))))) -> On track | N71: 69 | P71: Project Plan
A72: T-068 | B72: Testing & Release | C72: Environment & RAG Setup | D72: Environment setup | E72: Unassigned | H72: =IF(OR(F72="",G72=""),"",G72-F72) | I72: 0 | J72: No | K72: =IF(J72="Yes","Blocked",IF(I72>=1,"Complete",IF(I72>0,"In Progress","Not Started"))) -> Not Started | L72: =IF(K72="Complete","Done",IF(K72="Blocked","Blocked",IF(OR(F72="",G72=""),"No dates",IF(G72<Summary!$C$3,"OVERDUE",IF(G72-Summary!$C$3<=7,"Due in 7 days","On track"))))) -> No dates | N72: 70 | O72: Heading only in source (no tasks/dates) - placeholder, please break down | P72: Project Plan
A73: T-069 | B73: Testing & Release | C73: Fan Cowl AR - Release & Testing | D73: Validate generated report for all 17 Fan Cowl components | E73: Unassigned | H73: =IF(OR(F73="",G73=""),"",G73-F73) | I73: 0 | J73: No | K73: =IF(J73="Yes","Blocked",IF(I73>=1,"Complete",IF(I73>0,"In Progress","Not Started"))) -> Not Started | L73: =IF(K73="Complete","Done",IF(K73="Blocked","Blocked",IF(OR(F73="",G73=""),"No dates",IF(G73<Summary!$C$3,"OVERDUE",IF(G73-Summary!$C$3<=7,"Due in 7 days","On track"))))) -> No dates | N73: SRG-3 | O73: Proposed: SRG Sections lists 17 components | P73: Proposed

Sheet UI Tasks
A1: UI Tasks | F1: Tasks | G1: =COUNTIF('Master Plan'!$B$5:$B$73,"UI") -> 5 | H1: Avg % Done | I1: =IFERROR(AVERAGEIFS('Master Plan'!$I$5:$I$73,'Master Plan'!$B$5:$B$73,"UI"),0) -> 0.26
A2: Linked to 'Master Plan' - edit there, this tab updates automatically.
A4: ID | B4: Feature / Report Section | C4: Task | D4: Owner | E4: Start | F4: Finish | G4: % Complete | H4: Status | I4: Schedule Flag | J4: Dependency / Blocker | K4: Origin
A5: =IF('Master Plan'!A5="","",'Master Plan'!A5) -> T-001 | B5: =IF('Master Plan'!C5="","",'Master Plan'!C5) -> Project Setup | C5: =IF('Master Plan'!D5="","",'Master Plan'!D5) -> UI folder setup and Login | D5: =IF('Master Plan'!E5="","",'Master Plan'!E5) -> Abhik | E5: =IF('Master Plan'!F5="","",'Master Plan'!F5) -> 46286 | F5: =IF('Master Plan'!G5="","",'Master Plan'!G5) -> 46304 | G5: =IF('Master Plan'!I5="","",'Master Plan'!I5) -> 1 | H5: =IF('Master Plan'!K5="","",'Master Plan'!K5) -> Complete | I5: =IF('Master Plan'!L5="","",'Master Plan'!L5) -> Done | J5: =IF('Master Plan'!M5="","",'Master Plan'!M5) | K5: =IF('Master Plan'!P5="","",'Master Plan'!P5) -> Project Plan
A6: =IF('Master Plan'!A6="","",'Master Plan'!A6) -> T-002 | B6: =IF('Master Plan'!C6="","",'Master Plan'!C6) -> Header Section | C6: =IF('Master Plan'!D6="","",'Master Plan'!D6) -> UI design for collecting Header fields info (Engineer name, Date, Model, Report, Revision version) | D6: =IF('Master Plan'!E6="","",'Master Plan'!E6) -> Abhik | E6: =IF('Master Plan'!F6="","",'Master Plan'!F6) -> 46293 | F6: =IF('Master Plan'!G6="","",'Master Plan'!G6) -> 46318 | G6: =IF('Master Plan'!I6="","",'Master Plan'!I6) -> 0.1 | H6: =IF('Master Plan'!K6="","",'Master Plan'!K6) -> In Progress | I6: =IF('Master Plan'!L6="","",'Master Plan'!L6) -> On track | J6: =IF('Master Plan'!M6="","",'Master Plan'!M6) | K6: =IF('Master Plan'!P6="","",'Master Plan'!P6) -> Project Plan
A7: =IF('Master Plan'!A7="","",'Master Plan'!A7) -> T-003 | B7: =IF('Master Plan'!C7="","",'Master Plan'!C7) -> Revision Record Table | C7: =IF('Master Plan'!D7="","",'Master Plan'!D7) -> UI to collect Revision changes (Revision, Date, Change Description, Approvals) | D7: =IF('Master Plan'!E7="","",'Master Plan'!E7) -> Abhik | E7: =IF('Master Plan'!F7="","",'Master Plan'!F7) -> 46304 | F7: =IF('Master Plan'!G7="","",'Master Plan'!G7) -> 46318 | G7: =IF('Master Plan'!I7="","",'Master Plan'!I7) -> 0.2 | H7: =IF('Master Plan'!K7="","",'Master Plan'!K7) -> In Progress | I7: =IF('Master Plan'!L7="","",'Master Plan'!L7) -> On track | J7: =IF('Master Plan'!M7="","",'Master Plan'!M7) | K7: =IF('Master Plan'!P7="","",'Master Plan'!P7) -> Project Plan
A8: =IF('Master Plan'!A8="","",'Master Plan'!A8) -> T-004 | B8: =IF('Master Plan'!C8="","",'Master Plan'!C8) -> Component Description | C8: =IF('Master Plan'!D8="","",'Master Plan'!D8) -> UI to capture Program, Component, Loads | D8: =IF('Master Plan'!E8="","",'Master Plan'!E8) -> Abhik | E8: =IF('Master Plan'!F8="","",'Master Plan'!F8) -> 46286 | F8: =IF('Master Plan'!G8="","",'Master Plan'!G8) -> 46304 | G8: =IF('Master Plan'!I8="","",'Master Plan'!I8) -> 0 | H8: =IF('Master Plan'!K8="","",'Master Plan'!K8) -> Not Started | I8: =IF('Master Plan'!L8="","",'Master Plan'!L8) -> OVERDUE | J8: =IF('Master Plan'!M8="","",'Master Plan'!M8) | K8: =IF('Master Plan'!P8="","",'Master Plan'!P8) -> Project Plan
A9: =IF('Master Plan'!A9="","",'Master Plan'!A9) -> T-005 | B9: =IF('Master Plan'!C9="","",'Master Plan'!C9) -> FEM Description | C9: =IF('Master Plan'!D9="","",'Master Plan'!D9) -> UI for uploading BDF and DAT input files | D9: =IF('Master Plan'!E9="","",'Master Plan'!E9) -> Unassigned | E9: =IF('Master Plan'!F9="","",'Master Plan'!F9) | F9: =IF('Master Plan'!G9="","",'Master Plan'!G9) | G9: =IF('Master Plan'!I9="","",'Master Plan'!I9) -> 0 | H9: =IF('Master Plan'!K9="","",'Master Plan'!K9) -> Not Started | I9: =IF('Master Plan'!L9="","",'Master Plan'!L9) -> No dates | J9: =IF('Master Plan'!M9="","",'Master Plan'!M9) | K9: =IF('Master Plan'!P9="","",'Master Plan'!P9) -> Proposed

Sheet Backend Tasks
A1: Backend Tasks | F1: Tasks | G1: =COUNTIF('Master Plan'!$B$5:$B$73,"Backend") -> 38 | H1: Avg % Done | I1: =IFERROR(AVERAGEIFS('Master Plan'!$I$5:$I$73,'Master Plan'!$B$5:$B$73,"Backend"),0) -> 0.13421053
A2: Linked to 'Master Plan' - edit there, this tab updates automatically.
A4: ID | B4: Feature / Report Section | C4: Task | D4: Owner | E4: Start | F4: Finish | G4: % Complete | H4: Status | I4: Schedule Flag | J4: Dependency / Blocker | K4: Origin
A5: =IF('Master Plan'!A10="","",'Master Plan'!A10) -> T-006 | B5: =IF('Master Plan'!C10="","",'Master Plan'!C10) -> Project Setup | C5: =IF('Master Plan'!D10="","",'Master Plan'!D10) -> Postgres database setup and data model to store login info (local env) | D5: =IF('Master Plan'!E10="","",'Master Plan'!E10) -> Abhik | E5: =IF('Master Plan'!F10="","",'Master Plan'!F10) -> 46286 | F5: =IF('Master Plan'!G10="","",'Master Plan'!G10) -> 46304 | G5: =IF('Master Plan'!I10="","",'Master Plan'!I10) -> 0.9 | H5: =IF('Master Plan'!K10="","",'Master Plan'!K10) -> In Progress | I5: =IF('Master Plan'!L10="","",'Master Plan'!L10) -> OVERDUE | J5: =IF('Master Plan'!M10="","",'Master Plan'!M10) | K5: =IF('Master Plan'!P10="","",'Master Plan'!P10) -> Project Plan
A6: =IF('Master Plan'!A11="","",'Master Plan'!A11) -> T-007 | B6: =IF('Master Plan'!C11="","",'Master Plan'!C11) -> Header Section | C6: =IF('Master Plan'!D11="","",'Master Plan'!D11) -> YAML to add Header section in AR | D6: =IF('Master Plan'!E11="","",'Master Plan'!E11) -> Srujan | E6: =IF('Master Plan'!F11="","",'Master Plan'!F11) -> 46293 | F6: =IF('Master Plan'!G11="","",'Master Plan'!G11) -> 46311 | G6: =IF('Master Plan'!I11="","",'Master Plan'!I11) -> 1 | H6: =IF('Master Plan'!K11="","",'Master Plan'!K11) -> Complete | I6: =IF('Master Plan'!L11="","",'Master Plan'!L11) -> Done | J6: =IF('Master Plan'!M11="","",'Master Plan'!M11) | K6: =IF('Master Plan'!P11="","",'Master Plan'!P11) -> Project Plan
A7: =IF('Master Plan'!A12="","",'Master Plan'!A12) -> T-008 | B7: =IF('Master Plan'!C12="","",'Master Plan'!C12) -> Table of Contents | C7: =IF('Master Plan'!D12="","",'Master Plan'!D12) -> YAML to add TOC section in AR | D7: =IF('Master Plan'!E12="","",'Master Plan'!E12) -> Srujan | E7: =IF('Master Plan'!F12="","",'Master Plan'!F12) -> 46293 | F7: =IF('Master Plan'!G12="","",'Master Plan'!G12) -> 46296 | G7: =IF('Master Plan'!I12="","",'Master Plan'!I12) -> 1 | H7: =IF('Master Plan'!K12="","",'Master Plan'!K12) -> Complete | I7: =IF('Master Plan'!L12="","",'Master Plan'!L12) -> Done | J7: =IF('Master Plan'!M12="","",'Master Plan'!M12) | K7: =IF('Master Plan'!P12="","",'Master Plan'!P12) -> Project Plan
A8: =IF('Master Plan'!A13="","",'Master Plan'!A13) -> T-009 | B8: =IF('Master Plan'!C13="","",'Master Plan'!C13) -> Revision Record Table | C8: =IF('Master Plan'!D13="","",'Master Plan'!D13) -> Data model for saving Revision history (only first revision auto-filled; later revisions manual entry) | D8: =IF('Master Plan'!E13="","",'Master Plan'!E13) -> Abhik | E8: =IF('Master Plan'!F13="","",'Master Plan'!F13) -> 46304 | F8: =IF('Master Plan'!G13="","",'Master Plan'!G13) -> 46318 | G8: =IF('Master Plan'!I13="","",'Master Plan'!I13) -> 0.2 | H8: =IF('Master Plan'!K13="","",'Master Plan'!K13) -> In Progress | I8: =IF('Master Plan'!L13="","",'Master Plan'!L13) -> On track | J8: =IF('Master Plan'!M13="","",'Master Plan'!M13) | K8: =IF('Master Plan'!P13="","",'Master Plan'!P13) -> Project Plan
A9: =IF('Master Plan'!A14="","",'Master Plan'!A14) -> T-010 | B9: =IF('Master Plan'!C14="","",'Master Plan'!C14) -> Revision Record Table | C9: =IF('Master Plan'!D14="","",'Master Plan'!D14) -> YAML to add Revision table to AR | D9: =IF('Master Plan'!E14="","",'Master Plan'!E14) -> Srujan | E9: =IF('Master Plan'!F14="","",'Master Plan'!F14) -> 46293 | F9: =IF('Master Plan'!G14="","",'Master Plan'!G14) -> 46311 | G9: =IF('Master Plan'!I14="","",'Master Plan'!I14) -> 1 | H9: =IF('Master Plan'!K14="","",'Master Plan'!K14) -> Complete | I9: =IF('Master Plan'!L14="","",'Master Plan'!L14) -> Done | J9: =IF('Master Plan'!M14="","",'Master Plan'!M14) | K9: =IF('Master Plan'!P14="","",'Master Plan'!P14) -> Project Plan
A10: =IF('Master Plan'!A15="","",'Master Plan'!A15) -> T-011 | B10: =IF('Master Plan'!C15="","",'Master Plan'!C15) -> List of Parts | C10: =IF('Master Plan'!D15="","",'Master Plan'!D15) -> Automation to extract List of Parts from BOMSTR | D10: =IF('Master Plan'!E15="","",'Master Plan'!E15) -> Unassigned | E10: =IF('Master Plan'!F15="","",'Master Plan'!F15) | F10: =IF('Master Plan'!G15="","",'Master Plan'!G15) | G10: =IF('Master Plan'!I15="","",'Master Plan'!I15) -> 0 | H10: =IF('Master Plan'!K15="","",'Master Plan'!K15) -> Blocked | I10: =IF('Master Plan'!L15="","",'Master Plan'!L15) -> Blocked | J10: =IF('Master Plan'!M15="","",'Master Plan'!M15) -> ASG Team to confirm if BOMSTR or Drawing PDF? | K10: =IF('Master Plan'!P15="","",'Master Plan'!P15) -> Project Plan
A11: =IF('Master Plan'!A16="","",'Master Plan'!A16) -> T-012 | B11: =IF('Master Plan'!C16="","",'Master Plan'!C16) -> List of Parts | C11: =IF('Master Plan'!D16="","",'Master Plan'!D16) -> Automation/OCR to extract List of Parts from Drawing documents | D11: =IF('Master Plan'!E16="","",'Master Plan'!E16) -> Unassigned | E11: =IF('Master Plan'!F16="","",'Master Plan'!F16) | F11: =IF('Master Plan'!G16="","",'Master Plan'!G16) | G11: =IF('Master Plan'!I16="","",'Master Plan'!I16) -> 0 | H11: =IF('Master Plan'!K16="","",'Master Plan'!K16) -> Blocked | I11: =IF('Master Plan'!L16="","",'Master Plan'!L16) -> Blocked | J11: =IF('Master Plan'!M16="","",'Master Plan'!M16) -> ASG Team to confirm if BOMSTR or Drawing PDF? | K11: =IF('Master Plan'!P16="","",'Master Plan'!P16) -> Project Plan
A12: =IF('Master Plan'!A17="","",'Master Plan'!A17) -> T-013 | B12: =IF('Master Plan'!C17="","",'Master Plan'!C17) -> List of Parts | C12: =IF('Master Plan'!D17="","",'Master Plan'!D17) -> Automation to download PDF from Teamcenter | D12: =IF('Master Plan'!E17="","",'Master Plan'!E17) -> Unassigned | E12: =IF('Master Plan'!F17="","",'Master Plan'!F17) | F12: =IF('Master Plan'!G17="","",'Master Plan'!G17) | G12: =IF('Master Plan'!I17="","",'Master Plan'!I17) -> 0 | H12: =IF('Master Plan'!K17="","",'Master Plan'!K17) -> Blocked | I12: =IF('Master Plan'!L17="","",'Master Plan'!L17) -> Blocked | J12: =IF('Master Plan'!M17="","",'Master Plan'!M17) -> ASG Team to provide API access to Teamcenter | K12: =IF('Master Plan'!P17="","",'Master Plan'!P17) -> Project Plan
A13: =IF('Master Plan'!A18="","",'Master Plan'!A18) -> T-014 | B13: =IF('Master Plan'!C18="","",'Master Plan'!C18) -> List of Parts | C13: =IF('Master Plan'!D18="","",'Master Plan'!D18) -> YAML to add List of Parts section in AR | D13: =IF('Master Plan'!E18="","",'Master Plan'!E18) -> Unassigned | E13: =IF('Master Plan'!F18="","",'Master Plan'!F18) | F13: =IF('Master Plan'!G18="","",'Master Plan'!G18) | G13: =IF('Master Plan'!I18="","",'Master Plan'!I18) -> 0 | H13: =IF('Master Plan'!K18="","",'Master Plan'!K18) -> Blocked | I13: =IF('Master Plan'!L18="","",'Master Plan'!L18) -> Blocked | J13: =IF('Master Plan'!M18="","",'Master Plan'!M18) -> ASG Team to confirm if BOMSTR or Drawing PDF? | K13: =IF('Master Plan'!P18="","",'Master Plan'!P18) -> Project Plan
A14: =IF('Master Plan'!A19="","",'Master Plan'!A19) -> T-015 | B14: =IF('Master Plan'!C19="","",'Master Plan'!C19) -> Margin of Safety (MS) Summary | C14: =IF('Master Plan'!D19="","",'Master Plan'!D19) -> Automation to extract Location ID | D14: =IF('Master Plan'!E19="","",'Master Plan'!E19) -> Unassigned | E14: =IF('Master Plan'!F19="","",'Master Plan'!F19) | F14: =IF('Master Plan'!G19="","",'Master Plan'!G19) | G14: =IF('Master Plan'!I19="","",'Master Plan'!I19) -> 0 | H14: =IF('Master Plan'!K19="","",'Master Plan'!K19) -> Blocked | I14: =IF('Master Plan'!L19="","",'Master Plan'!L19) -> Blocked | J14: =IF('Master Plan'!M19="","",'Master Plan'!M19) -> ASG Team to provide Location ID for analysis (not feasible to extract from CATIA images) | K14: =IF('Master Plan'!P19="","",'Master Plan'!P19) -> Project Plan
A15: =IF('Master Plan'!A20="","",'Master Plan'!A20) -> T-016 | B15: =IF('Master Plan'!C20="","",'Master Plan'!C20) -> Margin of Safety (MS) Summary | C15: =IF('Master Plan'!D20="","",'Master Plan'!D20) -> Automation to extract Part Number, Material, Temp, Applied Condition/Load ID, Applied Load/Stress, Allowable Load/Stress, Failure Mode, MS | D15: =IF('Master Plan'!E20="","",'Master Plan'!E20) -> Unassigned | E15: =IF('Master Plan'!F20="","",'Master Plan'!F20) | F15: =IF('Master Plan'!G20="","",'Master Plan'!G20) | G15: =IF('Master Plan'!I20="","",'Master Plan'!I20) -> 0 | H15: =IF('Master Plan'!K20="","",'Master Plan'!K20) -> Blocked | I15: =IF('Master Plan'!L20="","",'Master Plan'!L20) -> Blocked | J15: =IF('Master Plan'!M20="","",'Master Plan'!M20) -> ASG Team to output Part Number, Material, Temp, Load ID, Applied/Allowable Load-Stress, Failure Mode, MS in Excel (confirmed in 5/10/26 meeting) | K15: =IF('Master Plan'!P20="","",'Master Plan'!P20) -> Project Plan
A16: =IF('Master Plan'!A21="","",'Master Plan'!A21) -> T-017 | B16: =IF('Master Plan'!C21="","",'Master Plan'!C21) -> Margin of Safety (MS) Summary | C16: =IF('Master Plan'!D21="","",'Master Plan'!D21) -> Automation to create MOS summary table | D16: =IF('Master Plan'!E21="","",'Master Plan'!E21) -> Unassigned | E16: =IF('Master Plan'!F21="","",'Master Plan'!F21) | F16: =IF('Master Plan'!G21="","",'Master Plan'!G21) | G16: =IF('Master Plan'!I21="","",'Master Plan'!I21) -> 0 | H16: =IF('Master Plan'!K21="","",'Master Plan'!K21) -> Blocked | I16: =IF('Master Plan'!L21="","",'Master Plan'!L21) -> Blocked | J16: =IF('Master Plan'!M21="","",'Master Plan'!M21) -> ASG Team to output Part Number, Material, Temp, Load ID, Applied/Allowable Load-Stress, Failure Mode, MS in Excel (confirmed in 5/10/26 meeting) | K16: =IF('Master Plan'!P21="","",'Master Plan'!P21) -> Project Plan
... A42: =IF('Master Plan'!A47="","",'Master Plan'!A47) -> T-043 | B42: =IF('Master Plan'!C47="","",'Master Plan'!C47) -> Appendix | C42: =IF('Master Plan'!D47="","",'Master Plan'!D47) -> YAML to add Appendix section in AR | D42: =IF('Master Plan'!E47="","",'Master Plan'!E47) -> Unassigned | E42: =IF('Master Plan'!F47="","",'Master Plan'!F47) | F42: =IF('Master Plan'!G47="","",'Master Plan'!G47) | G42: =IF('Master Plan'!I47="","",'Master Plan'!I47) -> 0 | H42: =IF('Master Plan'!K47="","",'Master Plan'!K47) -> Not Started | I42: =IF('Master Plan'!L47="","",'Master Plan'!L47) -> No dates | J42: =IF('Master Plan'!M47="","",'Master Plan'!M47) | K42: =IF('Master Plan'!P47="","",'Master Plan'!P47) -> Proposed

Sheet API Tasks
A1: API Tasks | F1: Tasks | G1: =COUNTIF('Master Plan'!$B$5:$B$73,"API") -> 7 | H1: Avg % Done | I1: =IFERROR(AVERAGEIFS('Master Plan'!$I$5:$I$73,'Master Plan'!$B$5:$B$73,"API"),0) -> 0.44285714
A2: Linked to 'Master Plan' - edit there, this tab updates automatically.
A4: ID | B4: Feature / Report Section | C4: Task | D4: Owner | E4: Start | F4: Finish | G4: % Complete | H4: Status | I4: Schedule Flag | J4: Dependency / Blocker | K4: Origin
A5: =IF('Master Plan'!A48="","",'Master Plan'!A48) -> T-044 | B5: =IF('Master Plan'!C48="","",'Master Plan'!C48) -> Project Setup | C5: =IF('Master Plan'!D48="","",'Master Plan'!D48) -> API for login page | D5: =IF('Master Plan'!E48="","",'Master Plan'!E48) -> Abhik | E5: =IF('Master Plan'!F48="","",'Master Plan'!F48) -> 46286 | F5: =IF('Master Plan'!G48="","",'Master Plan'!G48) -> 46304 | G5: =IF('Master Plan'!I48="","",'Master Plan'!I48) -> 0.9 | H5: =IF('Master Plan'!K48="","",'Master Plan'!K48) -> In Progress | I5: =IF('Master Plan'!L48="","",'Master Plan'!L48) -> OVERDUE | J5: =IF('Master Plan'!M48="","",'Master Plan'!M48) | K5: =IF('Master Plan'!P48="","",'Master Plan'!P48) -> Project Plan
A6: =IF('Master Plan'!A49="","",'Master Plan'!A49) -> T-045 | B6: =IF('Master Plan'!C49="","",'Master Plan'!C49) -> Project Setup | C6: =IF('Master Plan'!D49="","",'Master Plan'!D49) -> API layer folder setup (local env) | D6: =IF('Master Plan'!E49="","",'Master Plan'!E49) -> Abhik | E6: =IF('Master Plan'!F49="","",'Master Plan'!F49) -> 46286 | F6: =IF('Master Plan'!G49="","",'Master Plan'!G49) -> 46304 | G6: =IF('Master Plan'!I49="","",'Master Plan'!I49) -> 0.9 | H6: =IF('Master Plan'!K49="","",'Master Plan'!K49) -> In Progress | I6: =IF('Master Plan'!L49="","",'Master Plan'!L49) -> OVERDUE | J6: =IF('Master Plan'!M49="","",'Master Plan'!M49) | K6: =IF('Master Plan'!P49="","",'Master Plan'!P49) -> Project Plan
A7: =IF('Master Plan'!A50="","",'Master Plan'!A50) -> T-046 | B7: =IF('Master Plan'!C50="","",'Master Plan'!C50) -> Header Section | C7: =IF('Master Plan'!D50="","",'Master Plan'!D50) -> API design to add Header fields to Word template | D7: =IF('Master Plan'!E50="","",'Master Plan'!E50) -> Abhik | E7: =IF('Master Plan'!F50="","",'Master Plan'!F50) -> 46293 | F7: =IF('Master Plan'!G50="","",'Master Plan'!G50) -> 46318 | G7: =IF('Master Plan'!I50="","",'Master Plan'!I50) -> 0.1 | H7: =IF('Master Plan'!K50="","",'Master Plan'!K50) -> In Progress | I7: =IF('Master Plan'!L50="","",'Master Plan'!L50) -> On track | J7: =IF('Master Plan'!M50="","",'Master Plan'!M50) | K7: =IF('Master Plan'!P50="","",'Master Plan'!P50) -> Project Plan
A8: =IF('Master Plan'!A51="","",'Master Plan'!A51) -> T-047 | B8: =IF('Master Plan'!C51="","",'Master Plan'!C51) -> Revision Record Table | C8: =IF('Master Plan'!D51="","",'Master Plan'!D51) -> API design to add Revision fields to table | D8: =IF('Master Plan'!E51="","",'Master Plan'!E51) -> Abhik | E8: =IF('Master Plan'!F51="","",'Master Plan'!F51) -> 46304 | F8: =IF('Master Plan'!G51="","",'Master Plan'!G51) -> 46318 | G8: =IF('Master Plan'!I51="","",'Master Plan'!I51) -> 0.2 | H8: =IF('Master Plan'!K51="","",'Master Plan'!K51) -> In Progress | I8: =IF('Master Plan'!L51="","",'Master Plan'!L51) -> On track | J8: =IF('Master Plan'!M51="","",'Master Plan'!M51) | K8: =IF('Master Plan'!P51="","",'Master Plan'!P51) -> Project Plan
A9: =IF('Master Plan'!A52="","",'Master Plan'!A52) -> T-048 | B9: =IF('Master Plan'!C52="","",'Master Plan'!C52) -> Analysis Checklist | C9: =IF('Master Plan'!D52="","",'Master Plan'!D52) -> API for reading Failure Mode Matrix spreadsheet | D9: =IF('Master Plan'!E52="","",'Master Plan'!E52) -> Abhik | E9: =IF('Master Plan'!F52="","",'Master Plan'!F52) -> 46286 | F9: =IF('Master Plan'!G52="","",'Master Plan'!G52) -> 46304 | G9: =IF('Master Plan'!I52="","",'Master Plan'!I52) -> 1 | H9: =IF('Master Plan'!K52="","",'Master Plan'!K52) -> Complete | I9: =IF('Master Plan'!L52="","",'Master Plan'!L52) -> Done | J9: =IF('Master Plan'!M52="","",'Master Plan'!M52) -> Not considered - previous ARs will be used | K9: =IF('Master Plan'!P52="","",'Master Plan'!P52) -> Project Plan
A10: =IF('Master Plan'!A53="","",'Master Plan'!A53) -> T-049 | B10: =IF('Master Plan'!C53="","",'Master Plan'!C53) -> Scope Section | C10: =IF('Master Plan'!D53="","",'Master Plan'!D53) -> API to store/serve Program, Component, Loads inputs (shared by Scope and Component Description) | D10: =IF('Master Plan'!E53="","",'Master Plan'!E53) -> Unassigned | E10: =IF('Master Plan'!F53="","",'Master Plan'!F53) | F10: =IF('Master Plan'!G53="","",'Master Plan'!G53) | G10: =IF('Master Plan'!I53="","",'Master Plan'!I53) -> 0 | H10: =IF('Master Plan'!K53="","",'Master Plan'!K53) -> Not Started | I10: =IF('Master Plan'!L53="","",'Master Plan'!L53) -> No dates | J10: =IF('Master Plan'!M53="","",'Master Plan'!M53) | K10: =IF('Master Plan'!P53="","",'Master Plan'!P53) -> Proposed
A11: =IF('Master Plan'!A54="","",'Master Plan'!A54) -> T-050 | B11: =IF('Master Plan'!C54="","",'Master Plan'!C54) -> FEM Description | C11: =IF('Master Plan'!D54="","",'Master Plan'!D54) -> API to receive BDF/DAT files and return extracted FEM attributes | D11: =IF('Master Plan'!E54="","",'Master Plan'!E54) -> Unassigned | E11: =IF('Master Plan'!F54="","",'Master Plan'!F54) | F11: =IF('Master Plan'!G54="","",'Master Plan'!G54) | G11: =IF('Master Plan'!I54="","",'Master Plan'!I54) -> 0 | H11: =IF('Master Plan'!K54="","",'Master Plan'!K54) -> Not Started | I11: =IF('Master Plan'!L54="","",'Master Plan'!L54) -> No dates | J11: =IF('Master Plan'!M54="","",'Master Plan'!M54) | K11: =IF('Master Plan'!P54="","",'Master Plan'!P54) -> Proposed

Sheet LLM & RAG Tasks
A1: LLM & RAG Tasks | F1: Tasks | G1: =COUNTIF('Master Plan'!$B$5:$B$73,"LLM & RAG") -> 10 | H1: Avg % Done | I1: =IFERROR(AVERAGEIFS('Master Plan'!$I$5:$I$73,'Master Plan'!$B$5:$B$73,"LLM & RAG"),0) -> 0
A2: Linked to 'Master Plan' - edit there, this tab updates automatically.
A4: ID | B4: Feature / Report Section | C4: Task | D4: Owner | E4: Start | F4: Finish | G4: % Complete | H4: Status | I4: Schedule Flag | J4: Dependency / Blocker | K4: Origin
A5: =IF('Master Plan'!A55="","",'Master Plan'!A55) -> T-051 | B5: =IF('Master Plan'!C55="","",'Master Plan'!C55) -> Component Description | C5: =IF('Master Plan'!D55="","",'Master Plan'!D55) -> RAG to populate Connection Type, Load Path | D5: =IF('Master Plan'!E55="","",'Master Plan'!E55) -> Rajesh | E5: =IF('Master Plan'!F55="","",'Master Plan'!F55) -> 46304 | F5: =IF('Master Plan'!G55="","",'Master Plan'!G55) -> 46318 | G5: =IF('Master Plan'!I55="","",'Master Plan'!I55) -> 0 | H5: =IF('Master Plan'!K55="","",'Master Plan'!K55) -> Not Started | I5: =IF('Master Plan'!L55="","",'Master Plan'!L55) -> On track | J5: =IF('Master Plan'!M55="","",'Master Plan'!M55) | K5: =IF('Master Plan'!P55="","",'Master Plan'!P55) -> Project Plan
A6: =IF('Master Plan'!A56="","",'Master Plan'!A56) -> T-052 | B6: =IF('Master Plan'!C56="","",'Master Plan'!C56) -> Component Description | C6: =IF('Master Plan'!D56="","",'Master Plan'!D56) -> LLM generation for Component Description | D6: =IF('Master Plan'!E56="","",'Master Plan'!E56) -> Srujan | E6: =IF('Master Plan'!F56="","",'Master Plan'!F56) -> 46304 | F6: =IF('Master Plan'!G56="","",'Master Plan'!G56) -> 46318 | G6: =IF('Master Plan'!I56="","",'Master Plan'!I56) -> 0 | H6: =IF('Master Plan'!K56="","",'Master Plan'!K56) -> Not Started | I6: =IF('Master Plan'!L56="","",'Master Plan'!L56) -> On track | J6: =IF('Master Plan'!M56="","",'Master Plan'!M56) | K6: =IF('Master Plan'!P56="","",'Master Plan'!P56) -> Project Plan
A7: =IF('Master Plan'!A57="","",'Master Plan'!A57) -> T-053 | B7: =IF('Master Plan'!C57="","",'Master Plan'!C57) -> Loads Section | C7: =IF('Master Plan'!D57="","",'Master Plan'!D57) -> LLM generation for Loads section in AR | D7: =IF('Master Plan'!E57="","",'Master Plan'!E57) -> Unassigned | E7: =IF('Master Plan'!F57="","",'Master Plan'!F57) | F7: =IF('Master Plan'!G57="","",'Master Plan'!G57) | G7: =IF('Master Plan'!I57="","",'Master Plan'!I57) -> 0 | H7: =IF('Master Plan'!K57="","",'Master Plan'!K57) -> Blocked | I7: =IF('Master Plan'!L57="","",'Master Plan'!L57) -> Blocked | J7: =IF('Master Plan'!M57="","",'Master Plan'!M57) -> ASG Team One Stop Stress tool not ready yet for Loads | K7: =IF('Master Plan'!P57="","",'Master Plan'!P57) -> Project Plan
A8: =IF('Master Plan'!A58="","",'Master Plan'!A58) -> T-054 | B8: =IF('Master Plan'!C58="","",'Master Plan'!C58) -> Static Analysis Section | C8: =IF('Master Plan'!D58="","",'Master Plan'!D58) -> LLM generation for Static Analysis section in AR (step-by-step calculation paragraphs) | D8: =IF('Master Plan'!E58="","",'Master Plan'!E58) -> Unassigned | E8: =IF('Master Plan'!F58="","",'Master Plan'!F58) | F8: =IF('Master Plan'!G58="","",'Master Plan'!G58) | G8: =IF('Master Plan'!I58="","",'Master Plan'!I58) -> 0 | H8: =IF('Master Plan'!K58="","",'Master Plan'!K58) -> Blocked | I8: =IF('Master Plan'!L58="","",'Master Plan'!L58) -> Blocked | J8: =IF('Master Plan'!M58="","",'Master Plan'!M58) -> ASG Team One Stop Stress tool not ready yet for Static Analysis | K8: =IF('Master Plan'!P58="","",'Master Plan'!P58) -> Project Plan
A9: =IF('Master Plan'!A59="","",'Master Plan'!A59) -> T-055 | B9: =IF('Master Plan'!C59="","",'Master Plan'!C59) -> Fan Cowl AR - Release & Testing | C9: =IF('Master Plan'!D59="","",'Master Plan'!D59) -> RAG pipeline testing | D9: =IF('Master Plan'!E59="","",'Master Plan'!E59) -> Srujan, Rajesh, Abhik | E9: =IF('Master Plan'!F59="","",'Master Plan'!F59) -> 46304 | F9: =IF('Master Plan'!G59="","",'Master Plan'!G59) -> 46358 | G9: =IF('Master Plan'!I59="","",'Master Plan'!I59) -> 0 | H9: =IF('Master Plan'!K59="","",'Master Plan'!K59) -> Not Started | I9: =IF('Master Plan'!L59="","",'Master Plan'!L59) -> On track | J9: =IF('Master Plan'!M59="","",'Master Plan'!M59) | K9: =IF('Master Plan'!P59="","",'Master Plan'!P59) -> Project Plan
A10: =IF('Master Plan'!A60="","",'Master Plan'!A60) -> T-056 | B10: =IF('Master Plan'!C60="","",'Master Plan'!C60) -> Fan Cowl AR - Release & Testing | C10: =IF('Master Plan'!D60="","",'Master Plan'!D60) -> Testing LLM-generated text / RAG pipeline | D10: =IF('Master Plan'!E60="","",'Master Plan'!E60) -> Srujan, Rajesh, Abhik | E10: =IF('Master Plan'!F60="","",'Master Plan'!F60) -> 46304 | F10: =IF('Master Plan'!G60="","",'Master Plan'!G60) -> 46358 | G10: =IF('Master Plan'!I60="","",'Master Plan'!I60) -> 0 | H10: =IF('Master Plan'!K60="","",'Master Plan'!K60) -> Not Started | I10: =IF('Master Plan'!L60="","",'Master Plan'!L60) -> On track | J10: =IF('Master Plan'!M60="","",'Master Plan'!M60) | K10: =IF('Master Plan'!P60="","",'Master Plan'!P60) -> Project Plan
A11: =IF('Master Plan'!A61="","",'Master Plan'!A61) -> T-057 | B11: =IF('Master Plan'!C61="","",'Master Plan'!C61) -> Environment & RAG Setup | C11: =IF('Master Plan'!D61="","",'Master Plan'!D61) -> RAG pipeline setup | D11: =IF('Master Plan'!E61="","",'Master Plan'!E61) -> Unassigned | E11: =IF('Master Plan'!F61="","",'Master Plan'!F61) | F11: =IF('Master Plan'!G61="","",'Master Plan'!G61) | G11: =IF('Master Plan'!I61="","",'Master Plan'!I61) -> 0 | H11: =IF('Master Plan'!K61="","",'Master Plan'!K61) -> Not Started | I11: =IF('Master Plan'!L61="","",'Master Plan'!L61) -> No dates | J11: =IF('Master Plan'!M61="","",'Master Plan'!M61) | K11: =IF('Master Plan'!P61="","",'Master Plan'!P61) -> Project Plan
A12: =IF('Master Plan'!A62="","",'Master Plan'!A62) -> T-058 | B12: =IF('Master Plan'!C62="","",'Master Plan'!C62) -> Scope Section | C12: =IF('Master Plan'!D62="","",'Master Plan'!D62) -> LLM generation for Scope paragraph (from Program, Component, Loads) | D12: =IF('Master Plan'!E62="","",'Master Plan'!E62) -> Unassigned | E12: =IF('Master Plan'!F62="","",'Master Plan'!F62) | F12: =IF('Master Plan'!G62="","",'Master Plan'!G62) | G12: =IF('Master Plan'!I62="","",'Master Plan'!I62) -> 0 | H12: =IF('Master Plan'!K62="","",'Master Plan'!K62) -> Not Started | I12: =IF('Master Plan'!L62="","",'Master Plan'!L62) -> No dates | J12: =IF('Master Plan'!M62="","",'Master Plan'!M62) -> UI to capture Program, Component, Loads | K12: =IF('Master Plan'!P62="","",'Master Plan'!P62) -> Proposed
A13: =IF('Master Plan'!A63="","",'Master Plan'!A63) -> T-059 | B13: =IF('Master Plan'!C63="","",'Master Plan'!C63) -> FEM Description | C13: =IF('Master Plan'!D63="","",'Master Plan'!D63) -> LLM generation for FEM Description (single paragraph from BDF/DAT attributes) | D13: =IF('Master Plan'!E63="","",'Master Plan'!E63) -> Unassigned | E13: =IF('Master Plan'!F63="","",'Master Plan'!F63) | F13: =IF('Master Plan'!G63="","",'Master Plan'!G63) | G13: =IF('Master Plan'!I63="","",'Master Plan'!I63) -> 0 | H13: =IF('Master Plan'!K63="","",'Master Plan'!K63) -> Not Started | I13: =IF('Master Plan'!L63="","",'Master Plan'!L63) -> No dates | J13: =IF('Master Plan'!M63="","",'Master Plan'!M63) -> Automation to parse BDF/DAT | K13: =IF('Master Plan'!P63="","",'Master Plan'!P63) -> Proposed
A14: =IF('Master Plan'!A64="","",'Master Plan'!A64) -> T-060 | B14: =IF('Master Plan'!C64="","",'Master Plan'!C64) -> Materials (Metallic) Section | C14: =IF('Master Plan'!D64="","",'Master Plan'!D64) -> LLM generation for Materials section | D14: =IF('Master Plan'!E64="","",'Master Plan'!E64) -> Unassigned | E14: =IF('Master Plan'!F64="","",'Master Plan'!F64) | F14: =IF('Master Plan'!G64="","",'Master Plan'!G64) | G14: =IF('Master Plan'!I64="","",'Master Plan'!I64) -> 0 | H14: =IF('Master Plan'!K64="","",'Master Plan'!K64) -> Blocked | I14: =IF('Master Plan'!L64="","",'Master Plan'!L64) -> Blocked | J14: =IF('Master Plan'!M64="","",'Master Plan'!M64) -> ASG Team to confirm if BOMSTR or Drawing PDF? | K14: =IF('Master Plan'!P64="","",'Master Plan'!P64) -> Proposed

Sheet Testing & Release
A1: Testing & Release Tasks | F1: Tasks | G1: =COUNTIF('Master Plan'!$B$5:$B$73,"Testing & Release") -> 9 | H1: Avg % Done | I1: =IFERROR(AVERAGEIFS('Master Plan'!$I$5:$I$73,'Master Plan'!$B$5:$B$73,"Testing & Release"),0) -> 0
A2: Linked to 'Master Plan' - edit there, this tab updates automatically.
A4: ID | B4: Feature / Report Section | C4: Task | D4: Owner | E4: Start | F4: Finish | G4: % Complete | H4: Status | I4: Schedule Flag | J4: Dependency / Blocker | K4: Origin
A5: =IF('Master Plan'!A65="","",'Master Plan'!A65) -> T-061 | B5: =IF('Master Plan'!C65="","",'Master Plan'!C65) -> Fan Cowl AR - Release & Testing | C5: =IF('Master Plan'!D65="","",'Master Plan'!D65) -> Deployment of code to pre-prod server | D5: =IF('Master Plan'!E65="","",'Master Plan'!E65) -> Srujan, Rajesh, Abhik | E5: =IF('Master Plan'!F65="","",'Master Plan'!F65) -> 46304 | F5: =IF('Master Plan'!G65="","",'Master Plan'!G65) -> 46358 | G5: =IF('Master Plan'!I65="","",'Master Plan'!I65) -> 0 | H5: =IF('Master Plan'!K65="","",'Master Plan'!K65) -> Not Started | I5: =IF('Master Plan'!L65="","",'Master Plan'!L65) -> On track | J5: =IF('Master Plan'!M65="","",'Master Plan'!M65) | K5: =IF('Master Plan'!P65="","",'Master Plan'!P65) -> Project Plan
A6: =IF('Master Plan'!A66="","",'Master Plan'!A66) -> T-062 | B6: =IF('Master Plan'!C66="","",'Master Plan'!C66) -> Fan Cowl AR - Release & Testing | C6: =IF('Master Plan'!D66="","",'Master Plan'!D66) -> Unit testing | D6: =IF('Master Plan'!E66="","",'Master Plan'!E66) -> Srujan, Rajesh, Abhik | E6: =IF('Master Plan'!F66="","",'Master Plan'!F66) -> 46304 | F6: =IF('Master Plan'!G66="","",'Master Plan'!G66) -> 46358 | G6: =IF('Master Plan'!I66="","",'Master Plan'!I66) -> 0 | H6: =IF('Master Plan'!K66="","",'Master Plan'!K66) -> Not Started | I6: =IF('Master Plan'!L66="","",'Master Plan'!L66) -> On track | J6: =IF('Master Plan'!M66="","",'Master Plan'!M66) | K6: =IF('Master Plan'!P66="","",'Master Plan'!P66) -> Project Plan
A7: =IF('Master Plan'!A67="","",'Master Plan'!A67) -> T-063 | B7: =IF('Master Plan'!C67="","",'Master Plan'!C67) -> Fan Cowl AR - Release & Testing | C7: =IF('Master Plan'!D67="","",'Master Plan'!D67) -> CI/CD pipeline | D7: =IF('Master Plan'!E67="","",'Master Plan'!E67) -> Srujan, Rajesh, Abhik | E7: =IF('Master Plan'!F67="","",'Master Plan'!F67) -> 46304 | F7: =IF('Master Plan'!G67="","",'Master Plan'!G67) -> 46358 | G7: =IF('Master Plan'!I67="","",'Master Plan'!I67) -> 0 | H7: =IF('Master Plan'!K67="","",'Master Plan'!K67) -> Not Started | I7: =IF('Master Plan'!L67="","",'Master Plan'!L67) -> On track | J7: =IF('Master Plan'!M67="","",'Master Plan'!M67) | K7: =IF('Master Plan'!P67="","",'Master Plan'!P67) -> Project Plan
A8: =IF('Master Plan'!A68="","",'Master Plan'!A68) -> T-064 | B8: =IF('Master Plan'!C68="","",'Master Plan'!C68) -> Fan Cowl AR - Release & Testing | C8: =IF('Master Plan'!D68="","",'Master Plan'!D68) -> Documentation | D8: =IF('Master Plan'!E68="","",'Master Plan'!E68) -> Srujan, Rajesh, Abhik | E8: =IF('Master Plan'!F68="","",'Master Plan'!F68) -> 46304 | F8: =IF('Master Plan'!G68="","",'Master Plan'!G68) -> 46358 | G8: =IF('Master Plan'!I68="","",'Master Plan'!I68) -> 0 | H8: =IF('Master Plan'!K68="","",'Master Plan'!K68) -> Not Started | I8: =IF('Master Plan'!L68="","",'Master Plan'!L68) -> On track | J8: =IF('Master Plan'!M68="","",'Master Plan'!M68) | K8: =IF('Master Plan'!P68="","",'Master Plan'!P68) -> Project Plan
A9: =IF('Master Plan'!A69="","",'Master Plan'!A69) -> T-065 | B9: =IF('Master Plan'!C69="","",'Master Plan'!C69) -> Fan Cowl AR - Release & Testing | C9: =IF('Master Plan'!D69="","",'Master Plan'!D69) -> Monitoring and Dashboard | D9: =IF('Master Plan'!E69="","",'Master Plan'!E69) -> Srujan, Rajesh, Abhik | E9: =IF('Master Plan'!F69="","",'Master Plan'!F69) -> 46304 | F9: =IF('Master Plan'!G69="","",'Master Plan'!G69) -> 46358 | G9: =IF('Master Plan'!I69="","",'Master Plan'!I69) -> 0 | H9: =IF('Master Plan'!K69="","",'Master Plan'!K69) -> Not Started | I9: =IF('Master Plan'!L69="","",'Master Plan'!L69) -> On track | J9: =IF('Master Plan'!M69="","",'Master Plan'!M69) | K9: =IF('Master Plan'!P69="","",'Master Plan'!P69) -> Project Plan
A10: =IF('Master Plan'!A70="","",'Master Plan'!A70) -> T-066 | B10: =IF('Master Plan'!C70="","",'Master Plan'!C70) -> Fan Cowl AR - Release & Testing | C10: =IF('Master Plan'!D70="","",'Master Plan'!D70) -> Integration testing | D10: =IF('Master Plan'!E70="","",'Master Plan'!E70) -> Srujan, Rajesh, Abhik | E10: =IF('Master Plan'!F70="","",'Master Plan'!F70) -> 46304 | F10: =IF('Master Plan'!G70="","",'Master Plan'!G70) -> 46358 | G10: =IF('Master Plan'!I70="","",'Master Plan'!I70) -> 0 | H10: =IF('Master Plan'!K70="","",'Master Plan'!K70) -> Not Started | I10: =IF('Master Plan'!L70="","",'Master Plan'!L70) -> On track | J10: =IF('Master Plan'!M70="","",'Master Plan'!M70) | K10: =IF('Master Plan'!P70="","",'Master Plan'!P70) -> Project Plan
A11: =IF('Master Plan'!A71="","",'Master Plan'!A71) -> T-067 | B11: =IF('Master Plan'!C71="","",'Master Plan'!C71) -> Fan Cowl AR - Release & Testing | C11: =IF('Master Plan'!D71="","",'Master Plan'!D71) -> Testing end-to-end program | D11: =IF('Master Plan'!E71="","",'Master Plan'!E71) -> Srujan, Rajesh, Abhik | E11: =IF('Master Plan'!F71="","",'Master Plan'!F71) -> 46304 | F11: =IF('Master Plan'!G71="","",'Master Plan'!G71) -> 46358 | G11: =IF('Master Plan'!I71="","",'Master Plan'!I71) -> 0 | H11: =IF('Master Plan'!K71="","",'Master Plan'!K71) -> Not Started | I11: =IF('Master Plan'!L71="","",'Master Plan'!L71) -> On track | J11: =IF('Master Plan'!M71="","",'Master Plan'!M71) | K11: =IF('Master Plan'!P71="","",'Master Plan'!P71) -> Project Plan
A12: =IF('Master Plan'!A72="","",'Master Plan'!A72) -> T-068 | B12: =IF('Master Plan'!C72="","",'Master Plan'!C72) -> Environment & RAG Setup | C12: =IF('Master Plan'!D72="","",'Master Plan'!D72) -> Environment setup | D12: =IF('Master Plan'!E72="","",'Master Plan'!E72) -> Unassigned | E12: =IF('Master Plan'!F72="","",'Master Plan'!F72) | F12: =IF('Master Plan'!G72="","",'Master Plan'!G72) | G12: =IF('Master Plan'!I72="","",'Master Plan'!I72) -> 0 | H12: =IF('Master Plan'!K72="","",'Master Plan'!K72) -> Not Started | I12: =IF('Master Plan'!L72="","",'Master Plan'!L72) -> No dates | J12: =IF('Master Plan'!M72="","",'Master Plan'!M72) | K12: =IF('Master Plan'!P72="","",'Master Plan'!P72) -> Project Plan
A13: =IF('Master Plan'!A73="","",'Master Plan'!A73) -> T-069 | B13: =IF('Master Plan'!C73="","",'Master Plan'!C73) -> Fan Cowl AR - Release & Testing | C13: =IF('Master Plan'!D73="","",'Master Plan'!D73) -> Validate generated report for all 17 Fan Cowl components | D13: =IF('Master Plan'!E73="","",'Master Plan'!E73) -> Unassigned | E13: =IF('Master Plan'!F73="","",'Master Plan'!F73) | F13: =IF('Master Plan'!G73="","",'Master Plan'!G73) | G13: =IF('Master Plan'!I73="","",'Master Plan'!I73) -> 0 | H13: =IF('Master Plan'!K73="","",'Master Plan'!K73) -> Not Started | I13: =IF('Master Plan'!L73="","",'Master Plan'!L73) -> No dates | J13: =IF('Master Plan'!M73="","",'Master Plan'!M73) | K13: =IF('Master Plan'!P73="","",'Master Plan'!P73) -> Proposed

Sheet Blockers
A1: Blockers & External Dependencies
A2: Counts are live (matched to Master Plan column M). 'Suggested next step' is a recommendation, not from the source sheet.
A4: # | B4: Dependency / Blocker | C4: Needed From | D4: Blocked Tasks | E4: Affected Features | F4: Suggested Next Step
A5: 1 | B5: ASG Team to confirm if BOMSTR or Drawing PDF? | C5: ASG Team | D5: =COUNTIF('Master Plan'!$M$5:$M$73,B5) -> 7 | E5: List of Parts, Materials | F5: ART recommends BOMSTR (drawings lack sub-parts). Get Design team written confirmation; if BOMSTR is approved, the OCR tasks can be dropped.
A6: 2 | B6: ASG Team to provide API access to Teamcenter | C6: ASG Team | D6: =COUNTIF('Master Plan'!$M$5:$M$73,B6) -> 2 | E6: List of Parts, Materials | F6: SRG Sections says API access is unavailable and MDX / Material DB access was denied. Treat as long-term; use BOMSTR as workaround.
A7: 3 | B7: ASG Team to provide Location ID for analysis (not feasible to extract from CATIA images) | C7: ASG Team | D7: =COUNTIF('Master Plan'!$M$5:$M$73,B7) -> 1 | E7: Margin of Safety Summary | F7: Conflicting notes (plan: not feasible from CATIA; SRG 8/10/26: from CATIA image). Get a single answer; prefer a Location ID column in the ASG Excel.
A8: 4 | B8: ASG Team to output Part Number, Material, Temp, Load ID, Applied/Allowable Load-Stress, Failure Mode, MS in Excel (confirmed in 5/10/26 meeting) | C8: ASG Team | D8: =COUNTIF('Master Plan'!$M$5:$M$73,B8) -> 3 | E8: Margin of Safety Summary | F8: Obtain the Excel output template/sample from ASG and build parser against it.
A9: 5 | B9: ASG Team to provide Images | C9: ASG Team | D9: =COUNTIF('Master Plan'!$M$5:$M$73,B9) -> 4 | E9: Component Description, Loads, Static Analysis, Materials | F9: Agree image format/naming and a hand-off location so the 'Add images' tasks can be done in one batch.
A10: 6 | B10: ASG Team One Stop Stress tool not ready yet for Loads | C10: ASG Team | D10: =COUNTIF('Master Plan'!$M$5:$M$73,B10) -> 3 | E10: Loads Section | F10: Request ETA for one-stop stress tool Loads output; use a mock JSON to unblock YAML/LLM work.
A11: 7 | B11: ASG Team One Stop Stress tool not ready yet for Static Analysis | C11: ASG Team | D11: =COUNTIF('Master Plan'!$M$5:$M$73,B11) -> 3 | E11: Static Analysis Section | F11: Request ETA for Static Analysis output; use a mock payload to unblock YAML/LLM work.
A12: 8 | B12: ASG Team to provide list of ESOMS to component Mapping | C12: ASG Team | D12: =COUNTIF('Master Plan'!$M$5:$M$73,B12) -> 2 | E12: References Section | F12: Request ESOMS-to-component mapping file (agreed 9/7/26, not received yet).
A13: 9 | B13: ASG Team to review FEM requirements and clarify which FEM subsections to include (agreed 8/10/26) | C13: ASG Team | D13: =COUNTIF('Master Plan'!$M$5:$M$73,B13) -> 1 | E13: FEM Description | F13: Ask ASG to confirm which FEM subsections are required; single-paragraph FEM description can proceed meanwhile.
A14: 10 | B14: ASG Team to provide folder with Appendix files (agreed 9/7/26) | C14: ASG Team | D14: =COUNTIF('Master Plan'!$M$5:$M$73,B14) -> 1 | E14: Appendix | F14: Request the Appendix files folder (agreed 9/7/26).
C15: Total | D15: =SUM(D5:D14) -> 27
B16: Total can exceed the number of blocked tasks only if a task lists more than one blocker (none currently).

Sheet Sections Register
A1: AR Sections Register (from SRG Sections.xlsx) vs Plan Coverage
A2: Project description | B2: Automated tool that generates standardized, professional engineering stress analysis reports for Fancowl Static Analysis.
A3: Fan Cowl AR components | B3: 17: FC_RH_PANEL, FC_LH_PANEL, FC_RH_LONGERON, FC_LH_LONGERON, FC_HINGE_1, FC_HINGE_2, FC_HINGE_3, FC_HINGE_BEAM, FC_LATCH_KEEPER_1, FC_LATCH_KEEPER_2, FC_LATCH_KEEPER_3, PIVOT_BKT, FC_DRAINAGE_PLATE, FC_STRAKE, FC_PROX_SENSOR_BKT, FC_AXIAL_LOCATOR, FC_OTAD
A4: Sections in AR | B4: =COUNTA(B8:B21) -> 14
A5: Coverage / counts below are live formulas against Master Plan. Text columns are summarised from the source sheet.
A7: Row | B7: Section | C7: LLM Used? | D7: ASG Remarks (summary) | E7: ART Short-term / Workaround | F7: ART Long-term | G7: ASG-ART Aligned? | H7: Plan Feature | I7: Plan Tasks | J7: LLM & RAG Tasks | K7: Avg % Done | L7: Blocked Tasks | M7: Coverage Check
A8: 8 | B8: Header | C8: No | D8: Based on ASG-provided A320 NEO template: Engineer Name, Model, Report, Revision Version. | E8: ASG template is the standard; UI captures Engineer Name, Date, Model, Report, Revision Version and fills the template header. | F8: - | G8: Yes | H8: Header Section | I8: =COUNTIF('Master Plan'!$C$5:$C$73,H8) -> 3 | J8: =COUNTIFS('Master Plan'!$C$5:$C$73,H8,'Master Plan'!$B$5:$B$73,"LLM & RAG") -> 0 | K8: =IFERROR(AVERAGEIFS('Master Plan'!$I$5:$I$73,'Master Plan'!$C$5:$C$73,H8),0) -> 0.4 | L8: =COUNTIFS('Master Plan'!$C$5:$C$73,H8,'Master Plan'!$K$5:$K$73,"Blocked") -> 0 | M8: =IF(I8=0,"NO TASKS",IF(COUNTIFS('Master Plan'!$C$5:$C$73,H8,'Master Plan'!$P$5:$P$73,"Project Plan")=0,"Proposed only",IF(AND(C8="Yes",J8=0),"LLM task missing","Covered"))) -> Covered
A9: 9 | B9: Table of Contents | C9: No | D9: List of all sections, tables and figures in the report. | E9: Generate from finalized report structure; update automatically when content changes. | F9: - | G9: Yes | H9: Table of Contents | I9: =COUNTIF('Master Plan'!$C$5:$C$73,H9) -> 1 | J9: =COUNTIFS('Master Plan'!$C$5:$C$73,H9,'Master Plan'!$B$5:$B$73,"LLM & RAG") -> 0 | K9: =IFERROR(AVERAGEIFS('Master Plan'!$I$5:$I$73,'Master Plan'!$C$5:$C$73,H9),0) -> 1 | L9: =COUNTIFS('Master Plan'!$C$5:$C$73,H9,'Master Plan'!$K$5:$K$73,"Blocked") -> 0 | M9: =IF(I9=0,"NO TASKS",IF(COUNTIFS('Master Plan'!$C$5:$C$73,H9,'Master Plan'!$P$5:$P$73,"Project Plan")=0,"Proposed only",IF(AND(C9="Yes",J9=0),"LLM task missing","Covered"))) -> Covered
A10: 10 | B10: Revision Record | C10: No | D10: Captures revision history and relevant changes. | E10: First row auto-filled; Revision, Date, Change Description and Approvals entered in the UI. | F10: Track all revisions of LLM text/responses/images, keep version history, auto-generate change descriptions via semantic similarity / text-diff (revisit in 2027). | G10: Yes | H10: Revision Record Table | I10: =COUNTIF('Master Plan'!$C$5:$C$73,H10) -> 4 | J10: =COUNTIFS('Master Plan'!$C$5:$C$73,H10,'Master Plan'!$B$5:$B$73,"LLM & RAG") -> 0 | K10: =IFERROR(AVERAGEIFS('Master Plan'!$I$5:$I$73,'Master Plan'!$C$5:$C$73,H10),0) -> 0.4 | L10: =COUNTIFS('Master Plan'!$C$5:$C$73,H10,'Master Plan'!$K$5:$K$73,"Blocked") -> 0 | M10: =IF(I10=0,"NO TASKS",IF(COUNTIFS('Master Plan'!$C$5:$C$73,H10,'Master Plan'!$P$5:$P$73,"Project Plan")=0,"Proposed only",IF(AND(C10="Yes",J10=0),"LLM task missing","Covered"))) -> Covered
A11: 11 | B11: Analysis Checklist | C11: No | D11: ASG agreed to provide all previously available AR checklists for reference. | E11: Use the Failure Mode Matrix Excel shared by ASG as the primary reference. | F11: - | G11: Yes | H11: Analysis Checklist | I11: =COUNTIF('Master Plan'!$C$5:$C$73,H11) -> 3 | J11: =COUNTIFS('Master Plan'!$C$5:$C$73,H11,'Master Plan'!$B$5:$B$73,"LLM & RAG") -> 0 | K11: =IFERROR(AVERAGEIFS('Master Plan'!$I$5:$I$73,'Master Plan'!$C$5:$C$73,H11),0) -> 0.33333333 | L11: =COUNTIFS('Master Plan'!$C$5:$C$73,H11,'Master Plan'!$K$5:$K$73,"Blocked") -> 0 | M11: =IF(I11=0,"NO TASKS",IF(COUNTIFS('Master Plan'!$C$5:$C$73,H11,'Master Plan'!$P$5:$P$73,"Project Plan")=0,"Proposed only",IF(AND(C11="Yes",J11=0),"LLM task missing","Covered"))) -> Covered
A12: 12 | B12: Scope | C12: Yes | D12: Program, component, loads captured from UI; LLM generates the scope paragraph. | E12: Proceed with UI-based input collection and LLM generation. | F12: - | G12: Yes | H12: Scope Section | I12: =COUNTIF('Master Plan'!$C$5:$C$73,H12) -> 3 | J12: =COUNTIFS('Master Plan'!$C$5:$C$73,H12,'Master Plan'!$B$5:$B$73,"LLM & RAG") -> 1 | K12: =IFERROR(AVERAGEIFS('Master Plan'!$I$5:$I$73,'Master Plan'!$C$5:$C$73,H12),0) -> 0 | L12: =COUNTIFS('Master Plan'!$C$5:$C$73,H12,'Master Plan'!$K$5:$K$73,"Blocked") -> 0 | M12: =IF(I12=0,"NO TASKS",IF(COUNTIFS('Master Plan'!$C$5:$C$73,H12,'Master Plan'!$P$5:$P$73,"Project Plan")=0,"Proposed only",IF(AND(C12="Yes",J12=0),"LLM task missing","Covered"))) -> Proposed only
A13: 13 | B13: Margin of Safety Summary | C13: No | D13: ASG to provide OneStopStressTool Excel: Part Number, Material, Temp, Applied Condition/Load ID, Applied/Allowable Load-Stress, Failure Mode, MS, Location ID. | E13: Proceed once tool output is provided; confirm Location ID requirement with ASG. | F13: - | G13: Yes | H13: Margin of Safety (MS) Summary | I13: =COUNTIF('Master Plan'!$C$5:$C$73,H13) -> 4 | J13: =COUNTIFS('Master Plan'!$C$5:$C$73,H13,'Master Plan'!$B$5:$B$73,"LLM & RAG") -> 0 | K13: =IFERROR(AVERAGEIFS('Master Plan'!$I$5:$I$73,'Master Plan'!$C$5:$C$73,H13),0) -> 0 | L13: =COUNTIFS('Master Plan'!$C$5:$C$73,H13,'Master Plan'!$K$5:$K$73,"Blocked") -> 4 | M13: =IF(I13=0,"NO TASKS",IF(COUNTIFS('Master Plan'!$C$5:$C$73,H13,'Master Plan'!$P$5:$P$73,"Project Plan")=0,"Proposed only",IF(AND(C13="Yes",J13=0),"LLM task missing","Covered"))) -> Covered
A14: 14 | B14: List of Parts Covered | C14: No | D14: BOMSTR and drawing documents considered; BOMSTR has needed part/material info except Billet Size. | E14: Use BOMSTR as primary source (workaround until Teamcenter API access). | F14: Download drawing PDFs from Teamcenter to extract the parts list. | G14: No | H14: List of Parts | I14: =COUNTIF('Master Plan'!$C$5:$C$73,H14) -> 4 | J14: =COUNTIFS('Master Plan'!$C$5:$C$73,H14,'Master Plan'!$B$5:$B$73,"LLM & RAG") -> 0 | K14: =IFERROR(AVERAGEIFS('Master Plan'!$I$5:$I$73,'Master Plan'!$C$5:$C$73,H14),0) -> 0 | L14: =COUNTIFS('Master Plan'!$C$5:$C$73,H14,'Master Plan'!$K$5:$K$73,"Blocked") -> 4 | M14: =IF(I14=0,"NO TASKS",IF(COUNTIFS('Master Plan'!$C$5:$C$73,H14,'Master Plan'!$P$5:$P$73,"Project Plan")=0,"Proposed only",IF(AND(C14="Yes",J14=0),"LLM task missing","Covered"))) -> Covered
A15: 15 | B15: Component Description | C15: Yes | D15: Covers Program, Component, Loads, Material, Connection Type, Load Path. Material from BOMSTR/drawings; RAG supports Connection Type and Load Path. | E15: BOMSTR as primary source; finalize reference sources for Connection Type, Load Path and images. | F15: Download drawing PDFs from Teamcenter for material info; MDX / Material Database access denied by ASG. | G15: No | H15: Component Description | I15: =COUNTIF('Master Plan'!$C$5:$C$73,H15) -> 6 | J15: =COUNTIFS('Master Plan'!$C$5:$C$73,H15,'Master Plan'!$B$5:$B$73,"LLM & RAG") -> 2 | K15: =IFERROR(AVERAGEIFS('Master Plan'!$I$5:$I$73,'Master Plan'!$C$5:$C$73,H15),0) -> 0 | L15: =COUNTIFS('Master Plan'!$C$5:$C$73,H15,'Master Plan'!$K$5:$K$73,"Blocked") -> 1 | M15: =IF(I15=0,"NO TASKS",IF(COUNTIFS('Master Plan'!$C$5:$C$73,H15,'Master Plan'!$P$5:$P$73,"Project Plan")=0,"Proposed only",IF(AND(C15="Yes",J15=0),"LLM task missing","Covered"))) -> Covered
A16: 16 | B16: References | C16: No | D16: ASG confirmed a folder with files for the References table will be provided. | E16: Extract references from previous AR. | F16: - | G16: No | H16: References Section | I16: =COUNTIF('Master Plan'!$C$5:$C$73,H16) -> 2 | J16: =COUNTIFS('Master Plan'!$C$5:$C$73,H16,'Master Plan'!$B$5:$B$73,"LLM & RAG") -> 0 | K16: =IFERROR(AVERAGEIFS('Master Plan'!$I$5:$I$73,'Master Plan'!$C$5:$C$73,H16),0) -> 0 | L16: =COUNTIFS('Master Plan'!$C$5:$C$73,H16,'Master Plan'!$K$5:$K$73,"Blocked") -> 2 | M16: =IF(I16=0,"NO TASKS",IF(COUNTIFS('Master Plan'!$C$5:$C$73,H16,'Master Plan'!$P$5:$P$73,"Project Plan")=0,"Proposed only",IF(AND(C16="Yes",J16=0),"LLM task missing","Covered"))) -> Covered
A17: 17 | B17: Materials | C17: Yes | D17: BOMSTR and drawing documents considered; BOMSTR has needed info except Billet Size. | E17: Use BOMSTR as primary source; Billet Size remains a limitation until a source / Teamcenter access exists. | F17: Download drawing PDFs from Teamcenter; MDX / Material Database access denied by ASG. | G17: No | H17: Materials (Metallic) Section | I17: =COUNTIF('Master Plan'!$C$5:$C$73,H17) -> 6 | J17: =COUNTIFS('Master Plan'!$C$5:$C$73,H17,'Master Plan'!$B$5:$B$73,"LLM & RAG") -> 1 | K17: =IFERROR(AVERAGEIFS('Master Plan'!$I$5:$I$73,'Master Plan'!$C$5:$C$73,H17),0) -> 0 | L17: =COUNTIFS('Master Plan'!$C$5:$C$73,H17,'Master Plan'!$K$5:$K$73,"Blocked") -> 6 | M17: =IF(I17=0,"NO TASKS",IF(COUNTIFS('Master Plan'!$C$5:$C$73,H17,'Master Plan'!$P$5:$P$73,"Project Plan")=0,"Proposed only",IF(AND(C17="Yes",J17=0),"LLM task missing","Covered"))) -> Covered
A18: 18 | B18: Loads | C18: Yes | D18: Depends on load data generated by OneStopStressTool. | E18: Proceed once load data is received and validated. | F18: - | G18: Yes | H18: Loads Section | I18: =COUNTIF('Master Plan'!$C$5:$C$73,H18) -> 4 | J18: =COUNTIFS('Master Plan'!$C$5:$C$73,H18,'Master Plan'!$B$5:$B$73,"LLM & RAG") -> 1 | K18: =IFERROR(AVERAGEIFS('Master Plan'!$I$5:$I$73,'Master Plan'!$C$5:$C$73,H18),0) -> 0 | L18: =COUNTIFS('Master Plan'!$C$5:$C$73,H18,'Master Plan'!$K$5:$K$73,"Blocked") -> 4 | M18: =IF(I18=0,"NO TASKS",IF(COUNTIFS('Master Plan'!$C$5:$C$73,H18,'Master Plan'!$P$5:$P$73,"Project Plan")=0,"Proposed only",IF(AND(C18="Yes",J18=0),"LLM task missing","Covered"))) -> Covered
A19: 19 | B19: FEM Description | C19: Yes | D19: BDF/DAT files used to extract component name, element/property/material type, material description, solver, solution type/description, total and excluded elements; other sources needed for Model Setup, Boundary Conditions, images. | E19: Use extracted BDF/DAT info as LLM input; identify and finalize sources for Model Setup, Boundary Conditions, images. | F19: - | G19: No | H19: FEM Description | I19: =COUNTIF('Master Plan'!$C$5:$C$73,H19) -> 6 | J19: =COUNTIFS('Master Plan'!$C$5:$C$73,H19,'Master Plan'!$B$5:$B$73,"LLM & RAG") -> 1 | K19: =IFERROR(AVERAGEIFS('Master Plan'!$I$5:$I$73,'Master Plan'!$C$5:$C$73,H19),0) -> 0 | L19: =COUNTIFS('Master Plan'!$C$5:$C$73,H19,'Master Plan'!$K$5:$K$73,"Blocked") -> 1 | M19: =IF(I19=0,"NO TASKS",IF(COUNTIFS('Master Plan'!$C$5:$C$73,H19,'Master Plan'!$P$5:$P$73,"Project Plan")=0,"Proposed only",IF(AND(C19="Yes",J19=0),"LLM task missing","Covered"))) -> Proposed only
... A21: 21 | B21: Appendix | C21: No | D21: ASG confirmed a folder with the Appendix files will be provided. | E21: Use ASG-provided files to populate the Appendix; keep the agreed report structure. | F21: - | G21: Yes | H21: Appendix | I21: =COUNTIF('Master Plan'!$C$5:$C$73,H21) -> 2 | J21: =COUNTIFS('Master Plan'!$C$5:$C$73,H21,'Master Plan'!$B$5:$B$73,"LLM & RAG") -> 0 | K21: =IFERROR(AVERAGEIFS('Master Plan'!$I$5:$I$73,'Master Plan'!$C$5:$C$73,H21),0) -> 0 | L21: =COUNTIFS('Master Plan'!$C$5:$C$73,H21,'Master Plan'!$K$5:$K$73,"Blocked") -> 1 | M21: =IF(I21=0,"NO TASKS",IF(COUNTIFS('Master Plan'!$C$5:$C$73,H21,'Master Plan'!$P$5:$P$73,"Project Plan")=0,"Proposed only",IF(AND(C21="Yes",J21=0),"LLM task missing","Covered"))) -> Proposed only
A23: Row = row number in SRG Sections.xlsx. ASG-ART Aligned? = 'No' means requirements/data source not yet agreed (risk to the plan).

Sheet Decision Log
A1: Decision & Meeting Log (from SRG Sections 'Scope Changes / Meeting Points')
A2: Dates kept exactly as written in the source (dd/mm/yy). Plan impact column is my interpretation.
A4: Date | B4: Section | C4: Raised By | D4: Decision / Observation | E4: Plan Impact
A5: 9/7/26 | B5: Header | C5: ASG | D5: Provided template; agreed manual entry of Engineer Name, Model, Report, Revision Version. | E5: Superseded by 8/10/26 UI approach.
A6: 8/10/26 | B6: Header | C6: ART | D6: Suggested capturing Engineer Name, Date, Model, Report, Revision Version in the UI to remove manual entry in the AR. | E6: UI + API header tasks (Date field added).
A7: 9/7/26 | B7: Revision Record | C7: ASG | D7: Suggested Revision record is manual entry. | E7: Superseded by 8/10/26.
A8: 8/10/26 | B8: Revision Record | C8: ART | D8: Auto-populate only the first row of the Revision Record in 2026; track complete revisions via version control and store LLM paragraphs in a DB - full tracking to be revisited in 2027. | E8: 2026 scope = first-row auto-fill + UI entry. Full tracking is 2027 backlog.
A9: 9/7/26 | B9: Analysis Checklist | C9: ASG | D9: Suggested using the Failure Mode Matrix; ART developed a solution based on this approach. | E9: Analysis Checklist tasks proposed; reconcile with descoped 'Failure Mode Matrix' API task.
A10: (date not visible) | B10: Analysis Checklist | C10: ASG | D10: Provided an Excel file containing the analysis checklist for Fancowl Static Analysis. | E10: Input available for checklist automation.
A11: 1/10/26 | B11: Margin of Safety Summary | C11: ASG | D11: Suggested using OneStop Stress to create the MOS summary table. | E11: MS tasks depend on OneStopStressTool Excel.
A12: 8/10/26 | B12: Margin of Safety Summary | C12: ASG | D12: Agreed to provide analysis in Excel but it will take time - activity on hold. Location ID will come from the CATIA image. | E12: MS tasks stay Blocked. Conflicts with plan note that Location ID cannot be extracted from CATIA images.
A13: 9/7/26 | B13: Component Description | C13: ASG | D13: Should cover Program, Component, Loads, Material; Connection Type and Load Path to be identified from previous ARs. | E13: RAG task for Connection Type / Load Path.
A14: 8/10/26 | B14: Component Description / Materials / List of Parts | C14: ASG / ART | D14: ASG suggested extracting part list/material from drawing PDFs, but drawings only have high-level part numbers (no sub-parts), Teamcenter API access is unavailable and OCR would need extra processing. ART suggested the BOMSTR Excel (part numbers, sub-parts, materials). Design team confirmation needed. | E14: BOMSTR is the proposed primary source; OCR / Teamcenter tasks become long-term.
A15: 8/10/26 | B15: Materials / Component Description | C15: ASG | D15: Access to Material Data Digitiser (MDX) and Material Database was requested but denied; ASG said it would not be useful. | E15: No MDX / Material DB integration in plan. Billet Size remains a limitation.
... A23: 5/10/26 | B23: Margin of Safety Summary | C23: ASG | D23: (From project plan) ASG confirmed they will output the MS data in an Excel file. | E23: Input format agreed; delivery date not given.

Sheet Notes
A1: Assumptions, Gaps & Classification Rules
A3: # | B3: Topic | C3: Detail
A4: 1 | B4: Source | C4: Built from 7 screenshots of the 'Project Plan' sheet (SharePoint, Sheet1). Dates are dd/mm/yyyy.
A5: 2 | B5: GAP - rows 15-30 | C5: Not visible in any screenshot (row 14 is cut off at the bottom of image 1; row 31 starts image 4). Not included. Send those rows to add them.
A6: 3 | B6: Workstream rules | C6: UI = screens/forms the user sees. API = endpoints/contracts exposed to the UI or other systems. Backend = data models, DB, YAML section definitions, extraction/OCR/merge automation, Teamcenter downloads, report generation. LLM & RAG = RAG retrieval/pipeline and LLM text generation (and their testing). Testing & Release = added 5th bucket for deployment, CI/CD, monitoring, documentation, unit/integration/E2E testing and environment setup.
A7: 4 | B7: Judgement calls | C7: 'YAML to add ... section in AR' tasks classed as Backend. 'Automation to download PDF from Teamcenter' classed as Backend (integration). 'Automation to merge UI and RAG data' classed as Backend. Change any in Master Plan column B.
A8: 5 | B8: Date typo | C8: Rows 10-12 Finish read as 23/16/2026 (invalid); assumed 23/10/2026.
A9: 6 | B9: Name spelling | C9: Source shows both 'Abihik' and 'Abhik'; normalised to 'Abhik'.
A10: 7 | B10: Row 14 / rows 35-36 | C10: Feature labels not visible. Row 14 grouped as 'Failure Mode Matrix' and marked descoped (source dependency note: previous ARs will be used). Rows 35-36 grouped under Margin of Safety (MS) Summary.
A11: 8 | B11: Row 45 dependency | C11: Source cell showed 'sr'; replaced with the same One Stop Stress / Loads dependency as rows 46 and 48.
A12: 9 | B12: Row 60 | C12: 'Generate Report for Fan Cowl AR' is 100% in source although finish is 2/12/2026 - please verify.
A13: 10 | B13: Rows 70 / 72 | C13: 'Environment setup' and 'RAG pipeline Setup' were headings with no tasks or dates - added as placeholders (Unassigned) for you to break down.
A14: 11 | B14: SRG Sections (2nd upload) | C14: Added from SRG Sections.xlsx (Sheet3, rows 8-21 visible): Sections Register + Decision Log tabs, 15 proposed tasks (Origin = Proposed, Unassigned, no dates - please assign and date them), and updated notes on existing tasks.
A15: 12 | B15: Plan gaps found | C15: Sections in SRG but missing from the original plan: Scope, Analysis Checklist, FEM Description, Appendix. Materials is marked AI = Yes but had no LLM task. No API task existed for Program/Component/Loads capture.
... A22: 19 | B22: Duration | C22: Calendar days (Finish - Start), not working days.
